approved_at_utc,subreddit,selftext,author_fullname,saved,mod_reason_title,gilded,clicked,title,link_flair_richtext,subreddit_name_prefixed,hidden,pwls,link_flair_css_class,downs,thumbnail_height,top_awarded_type,hide_score,name,quarantine,link_flair_text_color,upvote_ratio,author_flair_background_color,subreddit_type,ups,total_awards_received,media_embed,thumbnail_width,author_flair_template_id,is_original_content,user_reports,secure_media,is_reddit_media_domain,is_meta,category,secure_media_embed,link_flair_text,can_mod_post,score,approved_by,author_premium,thumbnail,author_cakeday,edited,author_flair_css_class,author_flair_richtext,gildings,content_categories,is_self,mod_note,created,link_flair_type,wls,removed_by_category,banned_by,author_flair_type,domain,allow_live_comments,selftext_html,likes,suggested_sort,banned_at_utc,view_count,archived,no_follow,is_crosspostable,pinned,over_18,all_awardings,awarders,media_only,can_gild,spoiler,locked,author_flair_text,treatment_tags,visited,removed_by,num_reports,distinguished,subreddit_id,mod_reason_by,removal_reason,link_flair_background_color,id,is_robot_indexable,report_reasons,author,discussion_type,num_comments,send_replies,whitelist_status,contest_mode,mod_reports,author_patreon_flair,author_flair_text_color,permalink,parent_whitelist_status,stickied,url,subreddit_subscribers,created_utc,num_crossposts,media,is_video
,dadjokes,It's called carbon dating.,t2_4vlhi7hx,False,,0,False,Did you hear about the new dating website for chemists?,[],r/dadjokes,False,6,,0,,,True,t3_k1s9jx,False,dark,0.9,,public,21,0,{},,,False,[],,False,False,,{},,False,21,,False,self,True,False,,[],{},,True,,1606471529.0,text,6,,,text,self.dadjokes,False,"&lt;!-- SC_OFF --&gt;&lt;div class=""md""&gt;&lt;p&gt;It&amp;#39;s called carbon dating.&lt;/p&gt;
&lt;/div&gt;&lt;!-- SC_ON --&gt;",,,,,False,False,False,False,False,[],[],False,False,False,False,,[],False,,,,t5_2t0no,,,,k1s9jx,True,,Imholt11,,7,True,all_ads,False,[],False,,/r/dadjokes/comments/k1s9jx/did_you_hear_about_the_new_dating_website_for/,all_ads,False,https://www.reddit.com/r/dadjokes/comments/k1s9jx/did_you_hear_about_the_new_dating_website_for/,3499042,1606442729.0,0,,False
,dadjokes,"Seriously just drop it 



im sorry u read this",t2_22sybm1c,False,,0,False,Guys stop making jokes about bass,[],r/dadjokes,False,6,,0,,,True,t3_k1s6xa,False,dark,0.83,,public,8,0,{},,,False,[],,False,False,,{},,False,8,,False,self,,False,,[],{},,True,,1606471226.0,text,6,,,text,self.dadjokes,False,"&lt;!-- SC_OFF --&gt;&lt;div class=""md""&gt;&lt;p&gt;Seriously just drop it &lt;/p&gt;

&lt;p&gt;im sorry u read this&lt;/p&gt;
&lt;/div&gt;&lt;!-- SC_ON --&gt;",,,,,False,False,False,False,False,[],[],False,False,False,False,,[],False,,,,t5_2t0no,,,,k1s6xa,True,,Comsicwastaken,,4,True,all_ads,False,[],False,,/r/dadjokes/comments/k1s6xa/guys_stop_making_jokes_about_bass/,all_ads,False,https://www.reddit.com/r/dadjokes/comments/k1s6xa/guys_stop_making_jokes_about_bass/,3499042,1606442426.0,0,,False
,dadjokes," What do you call a fake noodle? An Impasta.

I would avoid the sushi if I was you. It’s a little fishy.

Want to hear a joke about paper? Nevermind it’s tearable.

Why did the cookie cry? Because his father was a wafer so long!

I used to work in a shoe recycling shop. It was sole destroying.

What do you call a belt with a watch on it? A waist of time.

How do you organize an outer space party? You planet.

I went to a seafood disco last week... and pulled a mussel.

Do you know where you can get chicken broth in bulk? The stock market.

I cut my finger chopping cheese, but I think that I may have greater problems.

My cat was just sick on the carpet, I don’t think it’s feline well.

Why did the octopus beat the shark in a fight? Because it was well armed.

How much does a hipster weigh? An instagram.

What did daddy spider say to baby spider? You spend too much time on the web.

Atheism is a non-prophet organisation.

There’s a new type of broom out, it’s sweeping the nation.

What cheese can never be yours? Nacho cheese.

What did the Buffalo say to his little boy when he dropped him off at school? Bison.

Have you ever heard of a music group called Cellophane? They mostly wrap.

Why does Superman gets invited to dinners? Because he is a Supperhero.

How was Rome split in two? With a pair of Ceasars.

The shovel was a ground breaking invention.

A scarecrow says, ""This job isn't for everyone, but hay, it's in my jeans.""

A Buddhist walks up to a hot dog stand and says, ""Make me one with everything.""

Did you hear about the guy who lost the left side of his body? He's alright now.

What do you call a girl with one leg that's shorter than the other? Ilene.

I did a theatrical performance on puns. It was a play on words.

What do you do with a dead chemist? You barium.

I bet the person who created the door knocker won a Nobel prize.

Towels can’t tell jokes. They have a dry sense of humor.

Two birds are sitting on a perch and one says ""Do you smell fish?""

Do you know sign language? You should learn it, it’s pretty handy.

What do you call a beautiful pumpkin? GOURDgeous.

Why did one banana spy on the other? Because she was appealing.

What do you call a cow with no legs? Ground beef.

What do you call a cow with two legs? Lean beef.

What do you call a cow with all of its legs? High steaks.

A cross eyed teacher couldn’t control his pupils.

After the accident, the juggler didn’t have the balls to do it.

I used to be afraid of hurdles, but I got over it.

To write with a broken pencil is pointless.

I read a book on anti-gravity. I couldn’t put it down.

I couldn’t remember how to throw a boomerang but it came back to me.

What should you do if you are cold? Stand in the corner. It’s 90 degrees.

How does Moses make coffee? Hebrews it.

The energizer bunny went to jail. He was charged with battery.

What did the alien say to the pitcher of water? Take me to your liter.

What happens when you eat too many spaghettiOs? You have a vowel movement.

The soldier who survived mustard gas and pepper spray was a seasoned veteran.

Sausage puns are the wurst.

What do you call a bear with no teeth? A gummy bear.

Why shouldn’t you trust atoms? They make up everything.

What’s it called when you have too many aliens? Extraterrestrials.

Want to hear a pizza joke? Nevermind, it’s too cheesy.

What do cows tell each other at bedtime? Dairy tales.

Why can’t you take inventory in Afghanistan? Because of the tally ban.

Why didn’t the lion win the race? Because he was racing a cheetah.

What happens to nitrogen when the sun comes up? It becomes daytrogen.

What’s it called when you put a cow in an elevator? Raising the steaks.

What’s america’s favorite soda? Mini soda.

Why did the tomato turn red? Because it saw the salad dressing.

What kind of car does a sheep drive? Their SuBAHHru.

What do you call a french pig? Porque.

What do you call a line of rabbits marching backwards? A receding hairline.

Why don’t vampires go to barbecues? They don’t like steak.

How do trees access the internet? They log on.

Why should you never trust a train? They have loco motives.

Is your refrigerator running? Better go catch it.

The future,the present and the past walked into a bar.Things got a little tense.

I saw an ad for burial plots, and thought to myself this is the last thing I need.

I just found out I'm colorblind. The diagnosis came completely out of the purple.

I'd tell you a chemistry joke but I know I wouldn't get a reaction.

Have you ever tried to eat a clock? It's very time consuming.

I wondered why the baseball was getting bigger. Then it hit me.

Read enough of our funny puns, and you'll be punstoppable.

Yesterday a clown held the door for me. It was a nice jester.

I used to go fishing with Skrillex but he kept dropping the bass.

The wedding was so emotional even the cake was in tiers.

What does a house wear? A dress.

Why can't bicycles stand up on their own? Since they are 2 tired.

I owe a lot to the sidewalks. They’ve been keeping me off the streets for years.

Imagine if alarm clocks hit you back in the morning.It would be truly alarming.

Why is a skeleton a bad liar? You can see right through it.

What do you receive when you ask a lemon for help? Lemonaid.

A man sued an airline company after it lost his luggage. Sadly, he lost his case.

What does a dog say when he sits down on a piece of sandpaper? Ruff!

What do you call crystal clear urine? 1080pee.

At my boxing club there is only one punch bag. I hate waiting for the punch line!

An untalented gymast walks into a bar.

Einstein developed a theory about space, and it was about time too.

I was accused of being a plagiarist, their word not mine.

My friends say they don’t like skeleton puns. I should put more backbone into them.

Let me FILL you in on my trip to the dentist.

Why does the singer of Cheap Thrills not want us to Sia?

Traveling on a flying carpet is a rugged experience.

Cartoonist found dead in home. Details are sketchy.

The old woman who lived in a shoe wasn’t the sole owner,there were strings attached.

Did you hear about the crime in the parking garage? It was wrong on so many levels.

My new diet consists of aircraft, its a bit plane.

Have you ever tried to milk a cow which has been cut in half? Udder madness.

Why are there fences on graveyards? Because people are dying to get in.

Why do trees have so many friends? They branch out.

Models of dragons are not to scale.

Never discuss infinity with a mathematician, they can go on about it forever.

Why don’t some couples go to the gym? Because some relationships don’t work out.

Don’t trust people that do acupuncture, they’re back stabbers.

A persistent banker wouldn’t stop hitting on me so I asked him to leave me a loan.

I ordered a book of puns last week, but i didn't get it.

People say i look better without glasses but i just can't see it.

Don’t judge a meal by the look of the first course. It’s very souperficial.

I heard Donald Trump is going to ban shredded cheese, and make America grate again.

I relish the fact that you’ve mustard the strength to ketchup to me.

What do you call a young musician? A minor.

Police were called to a daycare yesterday, where a 2-year-old was resisting a rest.

If artists wear sketchers do linguists wear converse?

I changed my iPod name to Titanic. It’s syncing now.

Jill broke her finger today, but on the other hand she was completely fine.

I smeared some ketchup all over my eyes once. It was a bad idea in Heinz- sight.

I flipped a coin over an issue the other day, it was quite the toss-up.

I got hit in the head with a can of soda? Luckily it was a soft drink.

I heard that the post office was a male dominated industry.

Why isn’t suntanning an Olympic sport? Because the best you can ever get is bronze.

What do you mean June is over? Julying.

Why is Kylo Ren so angry? Beause he’s always Ben Solo.

These reversing cameras are great. Since I got one I haven’t looked back.

The candle quit his job because he felt burned out.

Our maintenance guy lost his legs on the job, now he’s just a handyman.

Going to bed with music on gave him sound sleep.

A magic tractor drove down the road and turned into a field!

I met some aliens from outer space. They were pretty down to earth.

The plane flight brought my acrophobia to new heights.

My phone has to wear glasses ever since it lost its contacts.

I, for one, like Roman numerals.

How do mountains see? They peak.

The show was called Spongebob Squarepants but everyone knows the star was Patrick.

This is not alcohol, water you thinking?!

Novice pirates make terrible singers because they can’t hit the high seas.

I told my friend she drew her eyebrows too high. She seemed surprised.

The earth's rotation really makes my day.

If I buy a bigger bed will I have more or less bedroom?

Two peanuts were walking in a tough neighborhood and one of them was a-salted.

Two ropes were walking in a tough neighborhood and one of them was a-frayed.

What kind of shoes do ninjas wear? Sneakers.

I got a master’s degree in being ignored; no one seems to care.

After eating the ship, the sea monster said, I can’t believe I ate the hull thing.

Smaller babies may be delivered by stork but the heavier ones need a crane.

A bartender broke up with her boyfriend, but he kept asking her for another shot.

I had a pun about insanity but then I lost it.

He couldn’t work out how to fix the washing machine so he threw in the towel.

Why does the man want to buy nine rackets? Cause tennis too many.

Why don’t cannibals eat clowns? Because they taste funny.

If I got paid in lots of Pennes I would make loads of pasta.

I thought I saw a spider on my laptop, but my friend said it was just a bug.

A doctor broke his leg while auditioning for a play.Luckily he still made the cast.

The tale of the haunted refrigerator was chilling.

Why are frogs so happy? They eat whatever bugs them.

If you wear cowboy clothes are you ranch dressing?

I was addicted to the hokey pokey but I turned myself around.

Simba, you're falling behind. I must ask you to Mufasa.

I bought a wooden whistle but it wooden whistle.

The bomb didn't want to go off. So it refused.

The sore mummy needed a Cairo-practor

I feel sorry for shopping carts. They’re always getting pushed around.

The display of still-life art was not at all moving!

On Halloween October is nearly Octover.

Pig puns are so boaring.

Why couldn’t the dead car drive into the cluttered garage? Lack of vroom.

What do you call Samsung's security guards? Guardians of the Galaxy.

What does Superman have in his drink? Just ice.

How does a penguin build it’s house? Igloos it together.

Time flies like an arrow. Fruit flies like a banana.

The safe was invented by a cop and a robber. It was quite a combination.

What do you do when balloons are hurt? You helium.

One hat says to the other, ""You stay here, I’ll go on a head.""

How many tickles does it take to make an octopus laugh? Ten tickles.

When does a farmer dance? When he drops the beet.

When the scientist wanted to clone a deer, he bought a doe it yourself kit.

If people ask how many puns I made in Germany I reply, ""nein""

Did you hear about the invention of the white board? It was remarkable.

If Donald Trump becomes president, America is going toupee.

Can February March? No, but April May.

I hate Russian Dolls, they are so full of themselves.

What do you do to an open wardrobe? You closet.

The magazine about ceiling fans went out of business due to low circulation.

So what if I don’t know what apocalypse means? It’s not the end of the world!

Some aquatic mammals at the zoo escaped. It was otter chaos.

A backwards poem writes inverse.

Getting the ability to fly would be so uplifting.

I asked my friend, Nick, if he had 5 cents I could borrow. But he was Nicholas.

The soundtrack for Blackfish was orcastrated.

Where do you imprison a skeleton? In a rib cage.

There’s a fine line between the numerator and the denominator.

I used to work at a hairdresser but i just wasn’t cut out for it.

Why is metal and a microwave a match made in heaven? When they met, sparks flew.

The lumberjack loved his new computer. He especially enjoyed logging in.

Garbage collectors are rubbish drivers!

When the church relocated it had an organ transplant.

Lettuce take a moment to appreciate this salad pun.

The scarecrow get promoted because he was outstanding in his field.

Sleeping comes so naturally to me, I could do it with my eyes closed.

I never understood odorless chemicals, they never make scents.

What do prisoners use to call each other? Cell phones.

Why was dumbo sad? He felt irrelephant.

When a clock is hungry, it goes back four seconds.

Old skiers never die. They just go down hill.

Did you hear about the pun that was actually funny? Neither have we.

You know why I like egg puns? They crack me up!

Want to hear a pun about ghosts? That's the spirit!

I used to make clown shoes… which was no small feat.

Did you hear about the human cannonball? Too bad he got fired!

What happened when the magician got mad? She pulled her hare out!

Did you hear about the circus that caught on fire? It was in tents.

The one day of the week that eggs are definitely afraid of is Fry-day.

A hen will always leave her house through the proper eggs-it.

The man who ate too many eggs was considered to be an egg-oholic.

All the hens consider the chef to be very mean because he beats the eggs.

Eskimos keep all of their chilled eggs inside of the egg-loo.

Under the doctor’s advice, the hen is laying off eggs for a few weeks.

I had a real problem making a hard-boiled egg this morning until I cracked it.

The best time of day to eat eggs is at the crack of dawn.

The chicken coop only had 2 doors since if it had 4 doors it would be a sedan.

Crossing a cement mixer and a chicken will result in you getting a brick layer.

That reckless little egg always seems to egg-celerate when he sees the light turn yellow.

Hopefully this egg pun doesn't make your brain too fried or scrambled.

Don't ever have multiple people wash dishes together. It's hard for them to stay in sink.

People using umbrellas always seem to be under the weather.

I dissected an iris today. It was an eye-opening experience.

What was Forrest Gump’s email password? 1forrest1.

What planet is like a circus? Saturn, it has three rings!

Before my father died he worked in a circus as a stilt walker. I used to look up to him.

Why did the lion eat the tightrope walker? He wanted a well-balanced meal!

I really look up to my tall friends.

I hate negative numbers and will stop at nothing to avoid them.

Long fairy tales have a tendency to dragon.

It takes guts to make a sausage.",t2_8ahthkx4,False,,0,False,A giant list of puns,[],r/dadjokes,False,6,,0,,,True,t3_k1t0tj,False,dark,0.89,,public,7,0,{},,,False,[],,False,False,,{},,False,7,,False,self,,False,,[],{},,True,,1606474595.0,text,6,,,text,self.dadjokes,False,"&lt;!-- SC_OFF --&gt;&lt;div class=""md""&gt;&lt;p&gt;What do you call a fake noodle? An Impasta.&lt;/p&gt;

&lt;p&gt;I would avoid the sushi if I was you. It’s a little fishy.&lt;/p&gt;

&lt;p&gt;Want to hear a joke about paper? Nevermind it’s tearable.&lt;/p&gt;

&lt;p&gt;Why did the cookie cry? Because his father was a wafer so long!&lt;/p&gt;

&lt;p&gt;I used to work in a shoe recycling shop. It was sole destroying.&lt;/p&gt;

&lt;p&gt;What do you call a belt with a watch on it? A waist of time.&lt;/p&gt;

&lt;p&gt;How do you organize an outer space party? You planet.&lt;/p&gt;

&lt;p&gt;I went to a seafood disco last week... and pulled a mussel.&lt;/p&gt;

&lt;p&gt;Do you know where you can get chicken broth in bulk? The stock market.&lt;/p&gt;

&lt;p&gt;I cut my finger chopping cheese, but I think that I may have greater problems.&lt;/p&gt;

&lt;p&gt;My cat was just sick on the carpet, I don’t think it’s feline well.&lt;/p&gt;

&lt;p&gt;Why did the octopus beat the shark in a fight? Because it was well armed.&lt;/p&gt;

&lt;p&gt;How much does a hipster weigh? An instagram.&lt;/p&gt;

&lt;p&gt;What did daddy spider say to baby spider? You spend too much time on the web.&lt;/p&gt;

&lt;p&gt;Atheism is a non-prophet organisation.&lt;/p&gt;

&lt;p&gt;There’s a new type of broom out, it’s sweeping the nation.&lt;/p&gt;

&lt;p&gt;What cheese can never be yours? Nacho cheese.&lt;/p&gt;

&lt;p&gt;What did the Buffalo say to his little boy when he dropped him off at school? Bison.&lt;/p&gt;

&lt;p&gt;Have you ever heard of a music group called Cellophane? They mostly wrap.&lt;/p&gt;

&lt;p&gt;Why does Superman gets invited to dinners? Because he is a Supperhero.&lt;/p&gt;

&lt;p&gt;How was Rome split in two? With a pair of Ceasars.&lt;/p&gt;

&lt;p&gt;The shovel was a ground breaking invention.&lt;/p&gt;

&lt;p&gt;A scarecrow says, &amp;quot;This job isn&amp;#39;t for everyone, but hay, it&amp;#39;s in my jeans.&amp;quot;&lt;/p&gt;

&lt;p&gt;A Buddhist walks up to a hot dog stand and says, &amp;quot;Make me one with everything.&amp;quot;&lt;/p&gt;

&lt;p&gt;Did you hear about the guy who lost the left side of his body? He&amp;#39;s alright now.&lt;/p&gt;

&lt;p&gt;What do you call a girl with one leg that&amp;#39;s shorter than the other? Ilene.&lt;/p&gt;

&lt;p&gt;I did a theatrical performance on puns. It was a play on words.&lt;/p&gt;

&lt;p&gt;What do you do with a dead chemist? You barium.&lt;/p&gt;

&lt;p&gt;I bet the person who created the door knocker won a Nobel prize.&lt;/p&gt;

&lt;p&gt;Towels can’t tell jokes. They have a dry sense of humor.&lt;/p&gt;

&lt;p&gt;Two birds are sitting on a perch and one says &amp;quot;Do you smell fish?&amp;quot;&lt;/p&gt;

&lt;p&gt;Do you know sign language? You should learn it, it’s pretty handy.&lt;/p&gt;

&lt;p&gt;What do you call a beautiful pumpkin? GOURDgeous.&lt;/p&gt;

&lt;p&gt;Why did one banana spy on the other? Because she was appealing.&lt;/p&gt;

&lt;p&gt;What do you call a cow with no legs? Ground beef.&lt;/p&gt;

&lt;p&gt;What do you call a cow with two legs? Lean beef.&lt;/p&gt;

&lt;p&gt;What do you call a cow with all of its legs? High steaks.&lt;/p&gt;

&lt;p&gt;A cross eyed teacher couldn’t control his pupils.&lt;/p&gt;

&lt;p&gt;After the accident, the juggler didn’t have the balls to do it.&lt;/p&gt;

&lt;p&gt;I used to be afraid of hurdles, but I got over it.&lt;/p&gt;

&lt;p&gt;To write with a broken pencil is pointless.&lt;/p&gt;

&lt;p&gt;I read a book on anti-gravity. I couldn’t put it down.&lt;/p&gt;

&lt;p&gt;I couldn’t remember how to throw a boomerang but it came back to me.&lt;/p&gt;

&lt;p&gt;What should you do if you are cold? Stand in the corner. It’s 90 degrees.&lt;/p&gt;

&lt;p&gt;How does Moses make coffee? Hebrews it.&lt;/p&gt;

&lt;p&gt;The energizer bunny went to jail. He was charged with battery.&lt;/p&gt;

&lt;p&gt;What did the alien say to the pitcher of water? Take me to your liter.&lt;/p&gt;

&lt;p&gt;What happens when you eat too many spaghettiOs? You have a vowel movement.&lt;/p&gt;

&lt;p&gt;The soldier who survived mustard gas and pepper spray was a seasoned veteran.&lt;/p&gt;

&lt;p&gt;Sausage puns are the wurst.&lt;/p&gt;

&lt;p&gt;What do you call a bear with no teeth? A gummy bear.&lt;/p&gt;

&lt;p&gt;Why shouldn’t you trust atoms? They make up everything.&lt;/p&gt;

&lt;p&gt;What’s it called when you have too many aliens? Extraterrestrials.&lt;/p&gt;

&lt;p&gt;Want to hear a pizza joke? Nevermind, it’s too cheesy.&lt;/p&gt;

&lt;p&gt;What do cows tell each other at bedtime? Dairy tales.&lt;/p&gt;

&lt;p&gt;Why can’t you take inventory in Afghanistan? Because of the tally ban.&lt;/p&gt;

&lt;p&gt;Why didn’t the lion win the race? Because he was racing a cheetah.&lt;/p&gt;

&lt;p&gt;What happens to nitrogen when the sun comes up? It becomes daytrogen.&lt;/p&gt;

&lt;p&gt;What’s it called when you put a cow in an elevator? Raising the steaks.&lt;/p&gt;

&lt;p&gt;What’s america’s favorite soda? Mini soda.&lt;/p&gt;

&lt;p&gt;Why did the tomato turn red? Because it saw the salad dressing.&lt;/p&gt;

&lt;p&gt;What kind of car does a sheep drive? Their SuBAHHru.&lt;/p&gt;

&lt;p&gt;What do you call a french pig? Porque.&lt;/p&gt;

&lt;p&gt;What do you call a line of rabbits marching backwards? A receding hairline.&lt;/p&gt;

&lt;p&gt;Why don’t vampires go to barbecues? They don’t like steak.&lt;/p&gt;

&lt;p&gt;How do trees access the internet? They log on.&lt;/p&gt;

&lt;p&gt;Why should you never trust a train? They have loco motives.&lt;/p&gt;

&lt;p&gt;Is your refrigerator running? Better go catch it.&lt;/p&gt;

&lt;p&gt;The future,the present and the past walked into a bar.Things got a little tense.&lt;/p&gt;

&lt;p&gt;I saw an ad for burial plots, and thought to myself this is the last thing I need.&lt;/p&gt;

&lt;p&gt;I just found out I&amp;#39;m colorblind. The diagnosis came completely out of the purple.&lt;/p&gt;

&lt;p&gt;I&amp;#39;d tell you a chemistry joke but I know I wouldn&amp;#39;t get a reaction.&lt;/p&gt;

&lt;p&gt;Have you ever tried to eat a clock? It&amp;#39;s very time consuming.&lt;/p&gt;

&lt;p&gt;I wondered why the baseball was getting bigger. Then it hit me.&lt;/p&gt;

&lt;p&gt;Read enough of our funny puns, and you&amp;#39;ll be punstoppable.&lt;/p&gt;

&lt;p&gt;Yesterday a clown held the door for me. It was a nice jester.&lt;/p&gt;

&lt;p&gt;I used to go fishing with Skrillex but he kept dropping the bass.&lt;/p&gt;

&lt;p&gt;The wedding was so emotional even the cake was in tiers.&lt;/p&gt;

&lt;p&gt;What does a house wear? A dress.&lt;/p&gt;

&lt;p&gt;Why can&amp;#39;t bicycles stand up on their own? Since they are 2 tired.&lt;/p&gt;

&lt;p&gt;I owe a lot to the sidewalks. They’ve been keeping me off the streets for years.&lt;/p&gt;

&lt;p&gt;Imagine if alarm clocks hit you back in the morning.It would be truly alarming.&lt;/p&gt;

&lt;p&gt;Why is a skeleton a bad liar? You can see right through it.&lt;/p&gt;

&lt;p&gt;What do you receive when you ask a lemon for help? Lemonaid.&lt;/p&gt;

&lt;p&gt;A man sued an airline company after it lost his luggage. Sadly, he lost his case.&lt;/p&gt;

&lt;p&gt;What does a dog say when he sits down on a piece of sandpaper? Ruff!&lt;/p&gt;

&lt;p&gt;What do you call crystal clear urine? 1080pee.&lt;/p&gt;

&lt;p&gt;At my boxing club there is only one punch bag. I hate waiting for the punch line!&lt;/p&gt;

&lt;p&gt;An untalented gymast walks into a bar.&lt;/p&gt;

&lt;p&gt;Einstein developed a theory about space, and it was about time too.&lt;/p&gt;

&lt;p&gt;I was accused of being a plagiarist, their word not mine.&lt;/p&gt;

&lt;p&gt;My friends say they don’t like skeleton puns. I should put more backbone into them.&lt;/p&gt;

&lt;p&gt;Let me FILL you in on my trip to the dentist.&lt;/p&gt;

&lt;p&gt;Why does the singer of Cheap Thrills not want us to Sia?&lt;/p&gt;

&lt;p&gt;Traveling on a flying carpet is a rugged experience.&lt;/p&gt;

&lt;p&gt;Cartoonist found dead in home. Details are sketchy.&lt;/p&gt;

&lt;p&gt;The old woman who lived in a shoe wasn’t the sole owner,there were strings attached.&lt;/p&gt;

&lt;p&gt;Did you hear about the crime in the parking garage? It was wrong on so many levels.&lt;/p&gt;

&lt;p&gt;My new diet consists of aircraft, its a bit plane.&lt;/p&gt;

&lt;p&gt;Have you ever tried to milk a cow which has been cut in half? Udder madness.&lt;/p&gt;

&lt;p&gt;Why are there fences on graveyards? Because people are dying to get in.&lt;/p&gt;

&lt;p&gt;Why do trees have so many friends? They branch out.&lt;/p&gt;

&lt;p&gt;Models of dragons are not to scale.&lt;/p&gt;

&lt;p&gt;Never discuss infinity with a mathematician, they can go on about it forever.&lt;/p&gt;

&lt;p&gt;Why don’t some couples go to the gym? Because some relationships don’t work out.&lt;/p&gt;

&lt;p&gt;Don’t trust people that do acupuncture, they’re back stabbers.&lt;/p&gt;

&lt;p&gt;A persistent banker wouldn’t stop hitting on me so I asked him to leave me a loan.&lt;/p&gt;

&lt;p&gt;I ordered a book of puns last week, but i didn&amp;#39;t get it.&lt;/p&gt;

&lt;p&gt;People say i look better without glasses but i just can&amp;#39;t see it.&lt;/p&gt;

&lt;p&gt;Don’t judge a meal by the look of the first course. It’s very souperficial.&lt;/p&gt;

&lt;p&gt;I heard Donald Trump is going to ban shredded cheese, and make America grate again.&lt;/p&gt;

&lt;p&gt;I relish the fact that you’ve mustard the strength to ketchup to me.&lt;/p&gt;

&lt;p&gt;What do you call a young musician? A minor.&lt;/p&gt;

&lt;p&gt;Police were called to a daycare yesterday, where a 2-year-old was resisting a rest.&lt;/p&gt;

&lt;p&gt;If artists wear sketchers do linguists wear converse?&lt;/p&gt;

&lt;p&gt;I changed my iPod name to Titanic. It’s syncing now.&lt;/p&gt;

&lt;p&gt;Jill broke her finger today, but on the other hand she was completely fine.&lt;/p&gt;

&lt;p&gt;I smeared some ketchup all over my eyes once. It was a bad idea in Heinz- sight.&lt;/p&gt;

&lt;p&gt;I flipped a coin over an issue the other day, it was quite the toss-up.&lt;/p&gt;

&lt;p&gt;I got hit in the head with a can of soda? Luckily it was a soft drink.&lt;/p&gt;

&lt;p&gt;I heard that the post office was a male dominated industry.&lt;/p&gt;

&lt;p&gt;Why isn’t suntanning an Olympic sport? Because the best you can ever get is bronze.&lt;/p&gt;

&lt;p&gt;What do you mean June is over? Julying.&lt;/p&gt;

&lt;p&gt;Why is Kylo Ren so angry? Beause he’s always Ben Solo.&lt;/p&gt;

&lt;p&gt;These reversing cameras are great. Since I got one I haven’t looked back.&lt;/p&gt;

&lt;p&gt;The candle quit his job because he felt burned out.&lt;/p&gt;

&lt;p&gt;Our maintenance guy lost his legs on the job, now he’s just a handyman.&lt;/p&gt;

&lt;p&gt;Going to bed with music on gave him sound sleep.&lt;/p&gt;

&lt;p&gt;A magic tractor drove down the road and turned into a field!&lt;/p&gt;

&lt;p&gt;I met some aliens from outer space. They were pretty down to earth.&lt;/p&gt;

&lt;p&gt;The plane flight brought my acrophobia to new heights.&lt;/p&gt;

&lt;p&gt;My phone has to wear glasses ever since it lost its contacts.&lt;/p&gt;

&lt;p&gt;I, for one, like Roman numerals.&lt;/p&gt;

&lt;p&gt;How do mountains see? They peak.&lt;/p&gt;

&lt;p&gt;The show was called Spongebob Squarepants but everyone knows the star was Patrick.&lt;/p&gt;

&lt;p&gt;This is not alcohol, water you thinking?!&lt;/p&gt;

&lt;p&gt;Novice pirates make terrible singers because they can’t hit the high seas.&lt;/p&gt;

&lt;p&gt;I told my friend she drew her eyebrows too high. She seemed surprised.&lt;/p&gt;

&lt;p&gt;The earth&amp;#39;s rotation really makes my day.&lt;/p&gt;

&lt;p&gt;If I buy a bigger bed will I have more or less bedroom?&lt;/p&gt;

&lt;p&gt;Two peanuts were walking in a tough neighborhood and one of them was a-salted.&lt;/p&gt;

&lt;p&gt;Two ropes were walking in a tough neighborhood and one of them was a-frayed.&lt;/p&gt;

&lt;p&gt;What kind of shoes do ninjas wear? Sneakers.&lt;/p&gt;

&lt;p&gt;I got a master’s degree in being ignored; no one seems to care.&lt;/p&gt;

&lt;p&gt;After eating the ship, the sea monster said, I can’t believe I ate the hull thing.&lt;/p&gt;

&lt;p&gt;Smaller babies may be delivered by stork but the heavier ones need a crane.&lt;/p&gt;

&lt;p&gt;A bartender broke up with her boyfriend, but he kept asking her for another shot.&lt;/p&gt;

&lt;p&gt;I had a pun about insanity but then I lost it.&lt;/p&gt;

&lt;p&gt;He couldn’t work out how to fix the washing machine so he threw in the towel.&lt;/p&gt;

&lt;p&gt;Why does the man want to buy nine rackets? Cause tennis too many.&lt;/p&gt;

&lt;p&gt;Why don’t cannibals eat clowns? Because they taste funny.&lt;/p&gt;

&lt;p&gt;If I got paid in lots of Pennes I would make loads of pasta.&lt;/p&gt;

&lt;p&gt;I thought I saw a spider on my laptop, but my friend said it was just a bug.&lt;/p&gt;

&lt;p&gt;A doctor broke his leg while auditioning for a play.Luckily he still made the cast.&lt;/p&gt;

&lt;p&gt;The tale of the haunted refrigerator was chilling.&lt;/p&gt;

&lt;p&gt;Why are frogs so happy? They eat whatever bugs them.&lt;/p&gt;

&lt;p&gt;If you wear cowboy clothes are you ranch dressing?&lt;/p&gt;

&lt;p&gt;I was addicted to the hokey pokey but I turned myself around.&lt;/p&gt;

&lt;p&gt;Simba, you&amp;#39;re falling behind. I must ask you to Mufasa.&lt;/p&gt;

&lt;p&gt;I bought a wooden whistle but it wooden whistle.&lt;/p&gt;

&lt;p&gt;The bomb didn&amp;#39;t want to go off. So it refused.&lt;/p&gt;

&lt;p&gt;The sore mummy needed a Cairo-practor&lt;/p&gt;

&lt;p&gt;I feel sorry for shopping carts. They’re always getting pushed around.&lt;/p&gt;

&lt;p&gt;The display of still-life art was not at all moving!&lt;/p&gt;

&lt;p&gt;On Halloween October is nearly Octover.&lt;/p&gt;

&lt;p&gt;Pig puns are so boaring.&lt;/p&gt;

&lt;p&gt;Why couldn’t the dead car drive into the cluttered garage? Lack of vroom.&lt;/p&gt;

&lt;p&gt;What do you call Samsung&amp;#39;s security guards? Guardians of the Galaxy.&lt;/p&gt;

&lt;p&gt;What does Superman have in his drink? Just ice.&lt;/p&gt;

&lt;p&gt;How does a penguin build it’s house? Igloos it together.&lt;/p&gt;

&lt;p&gt;Time flies like an arrow. Fruit flies like a banana.&lt;/p&gt;

&lt;p&gt;The safe was invented by a cop and a robber. It was quite a combination.&lt;/p&gt;

&lt;p&gt;What do you do when balloons are hurt? You helium.&lt;/p&gt;

&lt;p&gt;One hat says to the other, &amp;quot;You stay here, I’ll go on a head.&amp;quot;&lt;/p&gt;

&lt;p&gt;How many tickles does it take to make an octopus laugh? Ten tickles.&lt;/p&gt;

&lt;p&gt;When does a farmer dance? When he drops the beet.&lt;/p&gt;

&lt;p&gt;When the scientist wanted to clone a deer, he bought a doe it yourself kit.&lt;/p&gt;

&lt;p&gt;If people ask how many puns I made in Germany I reply, &amp;quot;nein&amp;quot;&lt;/p&gt;

&lt;p&gt;Did you hear about the invention of the white board? It was remarkable.&lt;/p&gt;

&lt;p&gt;If Donald Trump becomes president, America is going toupee.&lt;/p&gt;

&lt;p&gt;Can February March? No, but April May.&lt;/p&gt;

&lt;p&gt;I hate Russian Dolls, they are so full of themselves.&lt;/p&gt;

&lt;p&gt;What do you do to an open wardrobe? You closet.&lt;/p&gt;

&lt;p&gt;The magazine about ceiling fans went out of business due to low circulation.&lt;/p&gt;

&lt;p&gt;So what if I don’t know what apocalypse means? It’s not the end of the world!&lt;/p&gt;

&lt;p&gt;Some aquatic mammals at the zoo escaped. It was otter chaos.&lt;/p&gt;

&lt;p&gt;A backwards poem writes inverse.&lt;/p&gt;

&lt;p&gt;Getting the ability to fly would be so uplifting.&lt;/p&gt;

&lt;p&gt;I asked my friend, Nick, if he had 5 cents I could borrow. But he was Nicholas.&lt;/p&gt;

&lt;p&gt;The soundtrack for Blackfish was orcastrated.&lt;/p&gt;

&lt;p&gt;Where do you imprison a skeleton? In a rib cage.&lt;/p&gt;

&lt;p&gt;There’s a fine line between the numerator and the denominator.&lt;/p&gt;

&lt;p&gt;I used to work at a hairdresser but i just wasn’t cut out for it.&lt;/p&gt;

&lt;p&gt;Why is metal and a microwave a match made in heaven? When they met, sparks flew.&lt;/p&gt;

&lt;p&gt;The lumberjack loved his new computer. He especially enjoyed logging in.&lt;/p&gt;

&lt;p&gt;Garbage collectors are rubbish drivers!&lt;/p&gt;

&lt;p&gt;When the church relocated it had an organ transplant.&lt;/p&gt;

&lt;p&gt;Lettuce take a moment to appreciate this salad pun.&lt;/p&gt;

&lt;p&gt;The scarecrow get promoted because he was outstanding in his field.&lt;/p&gt;

&lt;p&gt;Sleeping comes so naturally to me, I could do it with my eyes closed.&lt;/p&gt;

&lt;p&gt;I never understood odorless chemicals, they never make scents.&lt;/p&gt;

&lt;p&gt;What do prisoners use to call each other? Cell phones.&lt;/p&gt;

&lt;p&gt;Why was dumbo sad? He felt irrelephant.&lt;/p&gt;

&lt;p&gt;When a clock is hungry, it goes back four seconds.&lt;/p&gt;

&lt;p&gt;Old skiers never die. They just go down hill.&lt;/p&gt;

&lt;p&gt;Did you hear about the pun that was actually funny? Neither have we.&lt;/p&gt;

&lt;p&gt;You know why I like egg puns? They crack me up!&lt;/p&gt;

&lt;p&gt;Want to hear a pun about ghosts? That&amp;#39;s the spirit!&lt;/p&gt;

&lt;p&gt;I used to make clown shoes… which was no small feat.&lt;/p&gt;

&lt;p&gt;Did you hear about the human cannonball? Too bad he got fired!&lt;/p&gt;

&lt;p&gt;What happened when the magician got mad? She pulled her hare out!&lt;/p&gt;

&lt;p&gt;Did you hear about the circus that caught on fire? It was in tents.&lt;/p&gt;

&lt;p&gt;The one day of the week that eggs are definitely afraid of is Fry-day.&lt;/p&gt;

&lt;p&gt;A hen will always leave her house through the proper eggs-it.&lt;/p&gt;

&lt;p&gt;The man who ate too many eggs was considered to be an egg-oholic.&lt;/p&gt;

&lt;p&gt;All the hens consider the chef to be very mean because he beats the eggs.&lt;/p&gt;

&lt;p&gt;Eskimos keep all of their chilled eggs inside of the egg-loo.&lt;/p&gt;

&lt;p&gt;Under the doctor’s advice, the hen is laying off eggs for a few weeks.&lt;/p&gt;

&lt;p&gt;I had a real problem making a hard-boiled egg this morning until I cracked it.&lt;/p&gt;

&lt;p&gt;The best time of day to eat eggs is at the crack of dawn.&lt;/p&gt;

&lt;p&gt;The chicken coop only had 2 doors since if it had 4 doors it would be a sedan.&lt;/p&gt;

&lt;p&gt;Crossing a cement mixer and a chicken will result in you getting a brick layer.&lt;/p&gt;

&lt;p&gt;That reckless little egg always seems to egg-celerate when he sees the light turn yellow.&lt;/p&gt;

&lt;p&gt;Hopefully this egg pun doesn&amp;#39;t make your brain too fried or scrambled.&lt;/p&gt;

&lt;p&gt;Don&amp;#39;t ever have multiple people wash dishes together. It&amp;#39;s hard for them to stay in sink.&lt;/p&gt;

&lt;p&gt;People using umbrellas always seem to be under the weather.&lt;/p&gt;

&lt;p&gt;I dissected an iris today. It was an eye-opening experience.&lt;/p&gt;

&lt;p&gt;What was Forrest Gump’s email password? 1forrest1.&lt;/p&gt;

&lt;p&gt;What planet is like a circus? Saturn, it has three rings!&lt;/p&gt;

&lt;p&gt;Before my father died he worked in a circus as a stilt walker. I used to look up to him.&lt;/p&gt;

&lt;p&gt;Why did the lion eat the tightrope walker? He wanted a well-balanced meal!&lt;/p&gt;

&lt;p&gt;I really look up to my tall friends.&lt;/p&gt;

&lt;p&gt;I hate negative numbers and will stop at nothing to avoid them.&lt;/p&gt;

&lt;p&gt;Long fairy tales have a tendency to dragon.&lt;/p&gt;

&lt;p&gt;It takes guts to make a sausage.&lt;/p&gt;
&lt;/div&gt;&lt;!-- SC_ON --&gt;",,,,,False,True,False,False,False,[],[],False,False,False,False,,[],False,,,,t5_2t0no,,,,k1t0tj,True,,halfs2010,,3,True,all_ads,False,[],False,,/r/dadjokes/comments/k1t0tj/a_giant_list_of_puns/,all_ads,False,https://www.reddit.com/r/dadjokes/comments/k1t0tj/a_giant_list_of_puns/,3499042,1606445795.0,0,,False
,dadjokes,"The bartender says, ""Sorry, we don't serve spirits here.""",t2_5s26jpwv,False,,0,False,What happened when the ghost asked for a whiskey at his local bar?,[],r/dadjokes,False,6,,0,,,True,t3_k1swze,False,dark,0.89,,public,7,0,{},,,False,[],,False,False,,{},,False,7,,False,self,,False,,[],{},,True,,1606474151.0,text,6,,,text,self.dadjokes,False,"&lt;!-- SC_OFF --&gt;&lt;div class=""md""&gt;&lt;p&gt;The bartender says, &amp;quot;Sorry, we don&amp;#39;t serve spirits here.&amp;quot;&lt;/p&gt;
&lt;/div&gt;&lt;!-- SC_ON --&gt;",,,,,False,False,False,False,False,[],[],False,False,False,False,,[],False,,,,t5_2t0no,,,,k1swze,True,,SolgaleoGamePlays,,3,True,all_ads,False,[],False,,/r/dadjokes/comments/k1swze/what_happened_when_the_ghost_asked_for_a_whiskey/,all_ads,False,https://www.reddit.com/r/dadjokes/comments/k1swze/what_happened_when_the_ghost_asked_for_a_whiskey/,3499042,1606445351.0,0,,False
,dadjokes,"...poor little guy, covered in Paris Sites.",t2_62kf8pi7,False,,0,False,"I just saw a stray dog with the Eiffel Tower stuck in his fur, along with Arc de Triumph and the Louvre...",[],r/dadjokes,False,6,,0,,,True,t3_k1sv5r,False,dark,1.0,,public,7,0,{},,,False,[],,False,False,,{},,False,7,,False,self,,1606445597.0,,[],{},,True,,1606473939.0,text,6,,,text,self.dadjokes,False,"&lt;!-- SC_OFF --&gt;&lt;div class=""md""&gt;&lt;p&gt;...poor little guy, covered in Paris Sites.&lt;/p&gt;
&lt;/div&gt;&lt;!-- SC_ON --&gt;",,,,,False,False,False,False,False,[],[],False,False,False,False,,[],False,,,,t5_2t0no,,,,k1sv5r,True,,KW-DadJoker,,2,True,all_ads,False,[],False,,/r/dadjokes/comments/k1sv5r/i_just_saw_a_stray_dog_with_the_eiffel_tower/,all_ads,False,https://www.reddit.com/r/dadjokes/comments/k1sv5r/i_just_saw_a_stray_dog_with_the_eiffel_tower/,3499042,1606445139.0,0,,False
,dadjokes,"- What brings you here today? 

- I'm just a little hoarse.",t2_2o76xa5w,False,,0,False,A pony goes to the Doctor ...,[],r/dadjokes,False,6,,0,,,True,t3_k1sblg,False,dark,1.0,,public,7,0,{},,,False,[],,False,False,,{},,False,7,,False,self,True,False,,[],{},,True,,1606471752.0,text,6,,,text,self.dadjokes,False,"&lt;!-- SC_OFF --&gt;&lt;div class=""md""&gt;&lt;ul&gt;
&lt;li&gt;&lt;p&gt;What brings you here today? &lt;/p&gt;&lt;/li&gt;
&lt;li&gt;&lt;p&gt;I&amp;#39;m just a little hoarse.&lt;/p&gt;&lt;/li&gt;
&lt;/ul&gt;
&lt;/div&gt;&lt;!-- SC_ON --&gt;",,,,,False,False,False,False,False,[],[],False,False,False,False,,[],False,,,,t5_2t0no,,,,k1sblg,True,,bjornsbestfriend,,0,True,all_ads,False,[],False,,/r/dadjokes/comments/k1sblg/a_pony_goes_to_the_doctor/,all_ads,False,https://www.reddit.com/r/dadjokes/comments/k1sblg/a_pony_goes_to_the_doctor/,3499042,1606442952.0,0,,False
,dadjokes,It's a fancy pants word.,t2_6h7tj,False,,0,False,"""Trousers"" is a fancy words for pants",[],r/dadjokes,False,6,,0,,,True,t3_k1soxq,False,dark,1.0,,public,7,0,{},,,False,[],,False,False,,{},,False,7,,False,self,,False,,[],{},,True,,1606473259.0,text,6,,,text,self.dadjokes,False,"&lt;!-- SC_OFF --&gt;&lt;div class=""md""&gt;&lt;p&gt;It&amp;#39;s a fancy pants word.&lt;/p&gt;
&lt;/div&gt;&lt;!-- SC_ON --&gt;",,,,,False,True,False,False,False,[],[],False,False,False,False,,[],False,,,,t5_2t0no,,,,k1soxq,True,,misterspaceman,,0,True,all_ads,False,[],False,,/r/dadjokes/comments/k1soxq/trousers_is_a_fancy_words_for_pants/,all_ads,False,https://www.reddit.com/r/dadjokes/comments/k1soxq/trousers_is_a_fancy_words_for_pants/,3499042,1606444459.0,0,,False
,dadjokes,Double Stuffed,t2_40kna18o,False,,0,False,What do you call a pregnant woman on Thanksgiving?,[],r/dadjokes,False,6,,0,,,True,t3_k1s96q,False,dark,0.83,,public,4,0,{},,,False,[],,False,False,,{},,False,4,,False,self,,False,,[],{},,True,,1606471488.0,text,6,,,text,self.dadjokes,False,"&lt;!-- SC_OFF --&gt;&lt;div class=""md""&gt;&lt;p&gt;Double Stuffed&lt;/p&gt;
&lt;/div&gt;&lt;!-- SC_ON --&gt;",,,,,False,True,False,False,False,[],[],False,False,False,False,,[],False,,,,t5_2t0no,,,,k1s96q,True,,randomsav,,0,True,all_ads,False,[],False,,/r/dadjokes/comments/k1s96q/what_do_you_call_a_pregnant_woman_on_thanksgiving/,all_ads,False,https://www.reddit.com/r/dadjokes/comments/k1s96q/what_do_you_call_a_pregnant_woman_on_thanksgiving/,3499042,1606442688.0,0,,False
,dadjokes,He couldn’t see that well.,t2_fbcdz97,False,,0,False,Why did the blind man fall into a well?,[],r/dadjokes,False,6,,0,,,True,t3_k1svse,False,dark,0.75,,public,2,0,{},,,False,[],,False,False,,{},,False,2,,False,self,,False,,[],{},,True,,1606474012.0,text,6,,,text,self.dadjokes,False,"&lt;!-- SC_OFF --&gt;&lt;div class=""md""&gt;&lt;p&gt;He couldn’t see that well.&lt;/p&gt;
&lt;/div&gt;&lt;!-- SC_ON --&gt;",,,,,False,False,False,False,False,[],[],False,False,False,False,,[],False,,,,t5_2t0no,,,,k1svse,True,,FrodoSagginsz,,0,True,all_ads,False,[],False,,/r/dadjokes/comments/k1svse/why_did_the_blind_man_fall_into_a_well/,all_ads,False,https://www.reddit.com/r/dadjokes/comments/k1svse/why_did_the_blind_man_fall_into_a_well/,3499042,1606445212.0,0,,False
,dadjokes,When it becomes apparent,t2_5454n32o,False,,0,False,When does a joke become a dad joke,[],r/dadjokes,False,6,,0,,,True,t3_k1skwd,False,dark,0.75,,public,2,0,{},,,False,[],,False,False,,{},,False,2,,True,self,,False,,[],{},,True,,1606472813.0,text,6,,,text,self.dadjokes,False,"&lt;!-- SC_OFF --&gt;&lt;div class=""md""&gt;&lt;p&gt;When it becomes apparent&lt;/p&gt;
&lt;/div&gt;&lt;!-- SC_ON --&gt;",,,,,False,True,False,False,False,[],[],False,False,False,False,,[],False,,,,t5_2t0no,,,,k1skwd,True,,sniperpug128487,,2,True,all_ads,False,[],False,,/r/dadjokes/comments/k1skwd/when_does_a_joke_become_a_dad_joke/,all_ads,False,https://www.reddit.com/r/dadjokes/comments/k1skwd/when_does_a_joke_become_a_dad_joke/,3499042,1606444013.0,0,,False
,dadjokes,So eye brows,t2_2bdfw6mr,False,,0,False,"When I go shopping for brow pencils, I never know what I want",[],r/dadjokes,False,6,,0,,,True,t3_k1sfuy,False,dark,0.75,,public,2,0,{},,,False,[],,False,False,,{},,False,2,,False,self,,False,,[],{},,True,,1606472243.0,text,6,,,text,self.dadjokes,False,"&lt;!-- SC_OFF --&gt;&lt;div class=""md""&gt;&lt;p&gt;So eye brows&lt;/p&gt;
&lt;/div&gt;&lt;!-- SC_ON --&gt;",,,,,False,False,False,False,False,[],[],False,False,False,False,,[],False,,,,t5_2t0no,,,,k1sfuy,True,,AwwwwwwYeahhhhhhh,,0,True,all_ads,False,[],False,,/r/dadjokes/comments/k1sfuy/when_i_go_shopping_for_brow_pencils_i_never_know/,all_ads,False,https://www.reddit.com/r/dadjokes/comments/k1sfuy/when_i_go_shopping_for_brow_pencils_i_never_know/,3499042,1606443443.0,0,,False
,dadjokes,They're always a bunch of neighsayers,t2_l62v7,False,,0,False,I never take a horse's opinion personally.,[],r/dadjokes,False,6,,0,,,True,t3_k1t5t5,False,dark,1.0,,public,3,0,{},,,False,[],,False,False,,{},,False,3,,False,self,,False,,[],{},,True,,1606475151.0,text,6,,,text,self.dadjokes,False,"&lt;!-- SC_OFF --&gt;&lt;div class=""md""&gt;&lt;p&gt;They&amp;#39;re always a bunch of neighsayers&lt;/p&gt;
&lt;/div&gt;&lt;!-- SC_ON --&gt;",,,,,False,False,False,False,False,[],[],False,False,False,False,,[],False,,,,t5_2t0no,,,,k1t5t5,True,,icemage27,,0,True,all_ads,False,[],False,,/r/dadjokes/comments/k1t5t5/i_never_take_a_horses_opinion_personally/,all_ads,False,https://www.reddit.com/r/dadjokes/comments/k1t5t5/i_never_take_a_horses_opinion_personally/,3499042,1606446351.0,0,,False
,dadjokes,Electricity,t2_78igf7n0,False,,0,False,Which city will shock you if you go there?,[],r/dadjokes,False,6,,0,,,True,t3_k1s6cm,False,dark,0.75,,public,2,0,{},,,False,[],,False,False,,{},,False,2,,False,self,,False,,[],{},,True,,1606471162.0,text,6,,,text,self.dadjokes,False,"&lt;!-- SC_OFF --&gt;&lt;div class=""md""&gt;&lt;p&gt;Electricity&lt;/p&gt;
&lt;/div&gt;&lt;!-- SC_ON --&gt;",,,,,False,False,False,False,False,[],[],False,False,False,False,,[],False,,,,t5_2t0no,,,,k1s6cm,True,,bonp27,,2,True,all_ads,False,[],False,,/r/dadjokes/comments/k1s6cm/which_city_will_shock_you_if_you_go_there/,all_ads,False,https://www.reddit.com/r/dadjokes/comments/k1s6cm/which_city_will_shock_you_if_you_go_there/,3499042,1606442362.0,0,,False
,dadjokes,They're now comatose,t2_xt4psol,False,,0,False,My toes fell asleep after I wore shoes that were too small,[],r/dadjokes,False,6,,0,,,True,t3_k1t7dz,False,dark,1.0,,public,2,0,{},,,False,[],,False,False,,{},,False,2,,False,self,,False,,[],{},,True,,1606475329.0,text,6,,,text,self.dadjokes,False,"&lt;!-- SC_OFF --&gt;&lt;div class=""md""&gt;&lt;p&gt;They&amp;#39;re now comatose&lt;/p&gt;
&lt;/div&gt;&lt;!-- SC_ON --&gt;",,,,,False,False,False,False,False,[],[],False,False,False,False,,[],False,,,,t5_2t0no,,,,k1t7dz,True,,invisible_being,,0,True,all_ads,False,[],False,,/r/dadjokes/comments/k1t7dz/my_toes_fell_asleep_after_i_wore_shoes_that_were/,all_ads,False,https://www.reddit.com/r/dadjokes/comments/k1t7dz/my_toes_fell_asleep_after_i_wore_shoes_that_were/,3499042,1606446529.0,0,,False
,dadjokes,A scrub jay!,t2_d2ak7,False,,0,False,What bird is blue and is great at taking a bath?,[],r/dadjokes,False,6,,0,,,True,t3_k1sy1j,False,dark,1.0,,public,2,0,{},,,False,[],,False,False,,{},,False,2,,False,self,,False,,[],{},,True,,1606474276.0,text,6,,,text,self.dadjokes,False,"&lt;!-- SC_OFF --&gt;&lt;div class=""md""&gt;&lt;p&gt;A scrub jay!&lt;/p&gt;
&lt;/div&gt;&lt;!-- SC_ON --&gt;",,,,,False,False,False,False,False,[],[],False,False,False,False,,[],False,,,,t5_2t0no,,,,k1sy1j,True,,JoshWithaQ,,0,True,all_ads,False,[],False,,/r/dadjokes/comments/k1sy1j/what_bird_is_blue_and_is_great_at_taking_a_bath/,all_ads,False,https://www.reddit.com/r/dadjokes/comments/k1sy1j/what_bird_is_blue_and_is_great_at_taking_a_bath/,3499042,1606445476.0,0,,False
,dadjokes,"Dad: “No, he’s six.”",t2_g3yl7yp,False,,0,False,Me: “I wonder if my son ate?”....,[],r/dadjokes,False,6,,0,,,True,t3_k1sjmb,False,dark,1.0,,public,2,0,{},,,False,[],,False,False,,{},,False,2,,False,self,,False,,[],{},,True,,1606472660.0,text,6,,,text,self.dadjokes,False,"&lt;!-- SC_OFF --&gt;&lt;div class=""md""&gt;&lt;p&gt;Dad: “No, he’s six.”&lt;/p&gt;
&lt;/div&gt;&lt;!-- SC_ON --&gt;",,,,,False,False,False,False,False,[],[],False,False,False,False,,[],False,,,,t5_2t0no,,,,k1sjmb,True,,niloc12,,0,True,all_ads,False,[],False,,/r/dadjokes/comments/k1sjmb/me_i_wonder_if_my_son_ate/,all_ads,False,https://www.reddit.com/r/dadjokes/comments/k1sjmb/me_i_wonder_if_my_son_ate/,3499042,1606443860.0,0,,False
,dadjokes,"So I have an uncle, once removed.",t2_16sa6x,False,,1,False,"My father was born as a conjoined twin, but the doctors managed to separate them at birth.",[],r/dadjokes,False,6,,0,,,False,t3_k1ea2r,False,dark,0.96,,public,15474,21,{},,,False,[],,False,False,,{},,False,15474,,True,self,,False,,[],"{'gid_1': 2, 'gid_2': 1}",,True,,1606421852.0,text,6,,,text,self.dadjokes,True,"&lt;!-- SC_OFF --&gt;&lt;div class=""md""&gt;&lt;p&gt;So I have an uncle, once removed.&lt;/p&gt;
&lt;/div&gt;&lt;!-- SC_ON --&gt;",,,,,False,False,False,False,False,"[{'giver_coin_reward': None, 'subreddit_id': None, 'is_new': False, 'days_of_drip_extension': 0, 'coin_price': 500, 'id': 'gid_2', 'penny_donate': None, 'award_sub_type': 'GLOBAL', 'coin_reward': 100, 'icon_url': 'https://www.redditstatic.com/gold/awards/icon/gold_512.png', 'days_of_premium': 7, 'tiers_by_required_awardings': None, 'resized_icons': [{'url': 'https://www.redditstatic.com/gold/awards/icon/gold_16.png', 'width': 16, 'height': 16}, {'url': 'https://www.redditstatic.com/gold/awards/icon/gold_32.png', 'width': 32, 'height': 32}, {'url': 'https://www.redditstatic.com/gold/awards/icon/gold_48.png', 'width': 48, 'height': 48}, {'url': 'https://www.redditstatic.com/gold/awards/icon/gold_64.png', 'width': 64, 'height': 64}, {'url': 'https://www.redditstatic.com/gold/awards/icon/gold_128.png', 'width': 128, 'height': 128}], 'icon_width': 512, 'static_icon_width': 512, 'start_date': None, 'is_enabled': True, 'awardings_required_to_grant_benefits': None, 'description': 'Gives the author a week of Reddit Premium, %{coin_symbol}100 Coins to do with as they please, and shows a Gold Award.', 'end_date': None, 'subreddit_coin_reward': 0, 'count': 1, 'static_icon_height': 512, 'name': 'Gold', 'resized_static_icons': [{'url': 'https://www.redditstatic.com/gold/awards/icon/gold_16.png', 'width': 16, 'height': 16}, {'url': 'https://www.redditstatic.com/gold/awards/icon/gold_32.png', 'width': 32, 'height': 32}, {'url': 'https://www.redditstatic.com/gold/awards/icon/gold_48.png', 'width': 48, 'height': 48}, {'url': 'https://www.redditstatic.com/gold/awards/icon/gold_64.png', 'width': 64, 'height': 64}, {'url': 'https://www.redditstatic.com/gold/awards/icon/gold_128.png', 'width': 128, 'height': 128}], 'icon_format': None, 'icon_height': 512, 'penny_price': None, 'award_type': 'global', 'static_icon_url': 'https://www.redditstatic.com/gold/awards/icon/gold_512.png'}, {'giver_coin_reward': None, 'subreddit_id': None, 'is_new': False, 'days_of_drip_extension': 0, 'coin_price': 300, 'id': 'award_28e8196b-d4e9-45bc-b612-cd4c7d3ed4b3', 'penny_donate': None, 'award_sub_type': 'GLOBAL', 'coin_reward': 0, 'icon_url': 'https://i.redd.it/award_images/t5_22cerq/94pn64yuas941_RocketLike.png', 'days_of_premium': 0, 'tiers_by_required_awardings': None, 'resized_icons': [{'url': 'https://preview.redd.it/award_images/t5_22cerq/94pn64yuas941_RocketLike.png?width=16&amp;height=16&amp;auto=webp&amp;s=c1400eb6ea235d0c96c3aa6e271c71d7f339cbd4', 'width': 16, 'height': 16}, {'url': 'https://preview.redd.it/award_images/t5_22cerq/94pn64yuas941_RocketLike.png?width=32&amp;height=32&amp;auto=webp&amp;s=77ad345b2f9b062140e028764394594326771a17', 'width': 32, 'height': 32}, {'url': 'https://preview.redd.it/award_images/t5_22cerq/94pn64yuas941_RocketLike.png?width=48&amp;height=48&amp;auto=webp&amp;s=5b5211166e4b260311ad9f3ea31d3b815110769c', 'width': 48, 'height': 48}, {'url': 'https://preview.redd.it/award_images/t5_22cerq/94pn64yuas941_RocketLike.png?width=64&amp;height=64&amp;auto=webp&amp;s=bf3a2c642ad50547087d770c65c29777970d3af3', 'width': 64, 'height': 64}, {'url': 'https://preview.redd.it/award_images/t5_22cerq/94pn64yuas941_RocketLike.png?width=128&amp;height=128&amp;auto=webp&amp;s=eae06d6a70c62c78dc66cb14f2a84651cb822cc4', 'width': 128, 'height': 128}], 'icon_width': 2048, 'static_icon_width': 2048, 'start_date': None, 'is_enabled': True, 'awardings_required_to_grant_benefits': None, 'description': ""When an upvote just isn't enough, smash the Rocket Like."", 'end_date': None, 'subreddit_coin_reward': 0, 'count': 5, 'static_icon_height': 2048, 'name': 'Rocket Like', 'resized_static_icons': [{'url': 'https://preview.redd.it/award_images/t5_22cerq/94pn64yuas941_RocketLike.png?width=16&amp;height=16&amp;auto=webp&amp;s=c1400eb6ea235d0c96c3aa6e271c71d7f339cbd4', 'width': 16, 'height': 16}, {'url': 'https://preview.redd.it/award_images/t5_22cerq/94pn64yuas941_RocketLike.png?width=32&amp;height=32&amp;auto=webp&amp;s=77ad345b2f9b062140e028764394594326771a17', 'width': 32, 'height': 32}, {'url': 'https://preview.redd.it/award_images/t5_22cerq/94pn64yuas941_RocketLike.png?width=48&amp;height=48&amp;auto=webp&amp;s=5b5211166e4b260311ad9f3ea31d3b815110769c', 'width': 48, 'height': 48}, {'url': 'https://preview.redd.it/award_images/t5_22cerq/94pn64yuas941_RocketLike.png?width=64&amp;height=64&amp;auto=webp&amp;s=bf3a2c642ad50547087d770c65c29777970d3af3', 'width': 64, 'height': 64}, {'url': 'https://preview.redd.it/award_images/t5_22cerq/94pn64yuas941_RocketLike.png?width=128&amp;height=128&amp;auto=webp&amp;s=eae06d6a70c62c78dc66cb14f2a84651cb822cc4', 'width': 128, 'height': 128}], 'icon_format': None, 'icon_height': 2048, 'penny_price': None, 'award_type': 'global', 'static_icon_url': 'https://i.redd.it/award_images/t5_22cerq/94pn64yuas941_RocketLike.png'}, {'giver_coin_reward': None, 'subreddit_id': None, 'is_new': False, 'days_of_drip_extension': 0, 'coin_price': 150, 'id': 'award_f44611f1-b89e-46dc-97fe-892280b13b82', 'penny_donate': None, 'award_sub_type': 'GLOBAL', 'coin_reward': 0, 'icon_url': 'https://i.redd.it/award_images/t5_22cerq/klvxk1wggfd41_Helpful.png', 'days_of_premium': 0, 'tiers_by_required_awardings': None, 'resized_icons': [{'url': 'https://preview.redd.it/award_images/t5_22cerq/klvxk1wggfd41_Helpful.png?width=16&amp;height=16&amp;auto=webp&amp;s=a5662dfbdb402bf67866c050aa76c31c147c2f45', 'width': 16, 'height': 16}, {'url': 'https://preview.redd.it/award_images/t5_22cerq/klvxk1wggfd41_Helpful.png?width=32&amp;height=32&amp;auto=webp&amp;s=a6882eb3f380e8e88009789f4d0072e17b8c59f1', 'width': 32, 'height': 32}, {'url': 'https://preview.redd.it/award_images/t5_22cerq/klvxk1wggfd41_Helpful.png?width=48&amp;height=48&amp;auto=webp&amp;s=e50064b090879e8a0b55e433f6ee61d5cb5fbe1d', 'width': 48, 'height': 48}, {'url': 'https://preview.redd.it/award_images/t5_22cerq/klvxk1wggfd41_Helpful.png?width=64&amp;height=64&amp;auto=webp&amp;s=8e5bb2e76683cb6b161830bcdd9642049d6adc11', 'width': 64, 'height': 64}, {'url': 'https://preview.redd.it/award_images/t5_22cerq/klvxk1wggfd41_Helpful.png?width=128&amp;height=128&amp;auto=webp&amp;s=eda4a9246f95f42ee6940cc0ec65306fd20de878', 'width': 128, 'height': 128}], 'icon_width': 2048, 'static_icon_width': 2048, 'start_date': None, 'is_enabled': True, 'awardings_required_to_grant_benefits': None, 'description': 'Thank you stranger. Shows the award.', 'end_date': None, 'subreddit_coin_reward': 0, 'count': 8, 'static_icon_height': 2048, 'name': 'Helpful', 'resized_static_icons': [{'url': 'https://preview.redd.it/award_images/t5_22cerq/klvxk1wggfd41_Helpful.png?width=16&amp;height=16&amp;auto=webp&amp;s=a5662dfbdb402bf67866c050aa76c31c147c2f45', 'width': 16, 'height': 16}, {'url': 'https://preview.redd.it/award_images/t5_22cerq/klvxk1wggfd41_Helpful.png?width=32&amp;height=32&amp;auto=webp&amp;s=a6882eb3f380e8e88009789f4d0072e17b8c59f1', 'width': 32, 'height': 32}, {'url': 'https://preview.redd.it/award_images/t5_22cerq/klvxk1wggfd41_Helpful.png?width=48&amp;height=48&amp;auto=webp&amp;s=e50064b090879e8a0b55e433f6ee61d5cb5fbe1d', 'width': 48, 'height': 48}, {'url': 'https://preview.redd.it/award_images/t5_22cerq/klvxk1wggfd41_Helpful.png?width=64&amp;height=64&amp;auto=webp&amp;s=8e5bb2e76683cb6b161830bcdd9642049d6adc11', 'width': 64, 'height': 64}, {'url': 'https://preview.redd.it/award_images/t5_22cerq/klvxk1wggfd41_Helpful.png?width=128&amp;height=128&amp;auto=webp&amp;s=eda4a9246f95f42ee6940cc0ec65306fd20de878', 'width': 128, 'height': 128}], 'icon_format': None, 'icon_height': 2048, 'penny_price': None, 'award_type': 'global', 'static_icon_url': 'https://i.redd.it/award_images/t5_22cerq/klvxk1wggfd41_Helpful.png'}, {'giver_coin_reward': None, 'subreddit_id': None, 'is_new': False, 'days_of_drip_extension': 0, 'coin_price': 125, 'id': 'award_5f123e3d-4f48-42f4-9c11-e98b566d5897', 'penny_donate': None, 'award_sub_type': 'GLOBAL', 'coin_reward': 0, 'icon_url': 'https://i.redd.it/award_images/t5_22cerq/5izbv4fn0md41_Wholesome.png', 'days_of_premium': 0, 'tiers_by_required_awardings': None, 'resized_icons': [{'url': 'https://preview.redd.it/award_images/t5_22cerq/5izbv4fn0md41_Wholesome.png?width=16&amp;height=16&amp;auto=webp&amp;s=92932f465d58e4c16b12b6eac4ca07d27e3d11c0', 'width': 16, 'height': 16}, {'url': 'https://preview.redd.it/award_images/t5_22cerq/5izbv4fn0md41_Wholesome.png?width=32&amp;height=32&amp;auto=webp&amp;s=d11484a208d68a318bf9d4fcf371171a1cb6a7ef', 'width': 32, 'height': 32}, {'url': 'https://preview.redd.it/award_images/t5_22cerq/5izbv4fn0md41_Wholesome.png?width=48&amp;height=48&amp;auto=webp&amp;s=febdf28b6f39f7da7eb1365325b85e0bb49a9f63', 'width': 48, 'height': 48}, {'url': 'https://preview.redd.it/award_images/t5_22cerq/5izbv4fn0md41_Wholesome.png?width=64&amp;height=64&amp;auto=webp&amp;s=b4406a2d88bf86fa3dc8a45aacf7e0c7bdccc4fb', 'width': 64, 'height': 64}, {'url': 'https://preview.redd.it/award_images/t5_22cerq/5izbv4fn0md41_Wholesome.png?width=128&amp;height=128&amp;auto=webp&amp;s=19555b13e3e196b62eeb9160d1ac1d1b372dcb0b', 'width': 128, 'height': 128}], 'icon_width': 2048, 'static_icon_width': 2048, 'start_date': None, 'is_enabled': True, 'awardings_required_to_grant_benefits': None, 'description': 'When you come across a feel-good thing.', 'end_date': None, 'subreddit_coin_reward': 0, 'count': 2, 'static_icon_height': 2048, 'name': 'Wholesome', 'resized_static_icons': [{'url': 'https://preview.redd.it/award_images/t5_22cerq/5izbv4fn0md41_Wholesome.png?width=16&amp;height=16&amp;auto=webp&amp;s=92932f465d58e4c16b12b6eac4ca07d27e3d11c0', 'width': 16, 'height': 16}, {'url': 'https://preview.redd.it/award_images/t5_22cerq/5izbv4fn0md41_Wholesome.png?width=32&amp;height=32&amp;auto=webp&amp;s=d11484a208d68a318bf9d4fcf371171a1cb6a7ef', 'width': 32, 'height': 32}, {'url': 'https://preview.redd.it/award_images/t5_22cerq/5izbv4fn0md41_Wholesome.png?width=48&amp;height=48&amp;auto=webp&amp;s=febdf28b6f39f7da7eb1365325b85e0bb49a9f63', 'width': 48, 'height': 48}, {'url': 'https://preview.redd.it/award_images/t5_22cerq/5izbv4fn0md41_Wholesome.png?width=64&amp;height=64&amp;auto=webp&amp;s=b4406a2d88bf86fa3dc8a45aacf7e0c7bdccc4fb', 'width': 64, 'height': 64}, {'url': 'https://preview.redd.it/award_images/t5_22cerq/5izbv4fn0md41_Wholesome.png?width=128&amp;height=128&amp;auto=webp&amp;s=19555b13e3e196b62eeb9160d1ac1d1b372dcb0b', 'width': 128, 'height': 128}], 'icon_format': None, 'icon_height': 2048, 'penny_price': None, 'award_type': 'global', 'static_icon_url': 'https://i.redd.it/award_images/t5_22cerq/5izbv4fn0md41_Wholesome.png'}, {'giver_coin_reward': None, 'subreddit_id': None, 'is_new': False, 'days_of_drip_extension': 0, 'coin_price': 100, 'id': 'gid_1', 'penny_donate': None, 'award_sub_type': 'GLOBAL', 'coin_reward': 0, 'icon_url': 'https://www.redditstatic.com/gold/awards/icon/silver_512.png', 'days_of_premium': 0, 'tiers_by_required_awardings': None, 'resized_icons': [{'url': 'https://www.redditstatic.com/gold/awards/icon/silver_16.png', 'width': 16, 'height': 16}, {'url': 'https://www.redditstatic.com/gold/awards/icon/silver_32.png', 'width': 32, 'height': 32}, {'url': 'https://www.redditstatic.com/gold/awards/icon/silver_48.png', 'width': 48, 'height': 48}, {'url': 'https://www.redditstatic.com/gold/awards/icon/silver_64.png', 'width': 64, 'height': 64}, {'url': 'https://www.redditstatic.com/gold/awards/icon/silver_128.png', 'width': 128, 'height': 128}], 'icon_width': 512, 'static_icon_width': 512, 'start_date': None, 'is_enabled': True, 'awardings_required_to_grant_benefits': None, 'description': ""Shows the Silver Award... and that's it."", 'end_date': None, 'subreddit_coin_reward': 0, 'count': 2, 'static_icon_height': 512, 'name': 'Silver', 'resized_static_icons': [{'url': 'https://www.redditstatic.com/gold/awards/icon/silver_16.png', 'width': 16, 'height': 16}, {'url': 'https://www.redditstatic.com/gold/awards/icon/silver_32.png', 'width': 32, 'height': 32}, {'url': 'https://www.redditstatic.com/gold/awards/icon/silver_48.png', 'width': 48, 'height': 48}, {'url': 'https://www.redditstatic.com/gold/awards/icon/silver_64.png', 'width': 64, 'height': 64}, {'url': 'https://www.redditstatic.com/gold/awards/icon/silver_128.png', 'width': 128, 'height': 128}], 'icon_format': None, 'icon_height': 512, 'penny_price': None, 'award_type': 'global', 'static_icon_url': 'https://www.redditstatic.com/gold/awards/icon/silver_512.png'}, {'giver_coin_reward': 0, 'subreddit_id': None, 'is_new': False, 'days_of_drip_extension': 0, 'coin_price': 100, 'id': 'award_e516c711-9d35-4ee6-b9d3-8a19865bb300', 'penny_donate': 0, 'award_sub_type': 'GLOBAL', 'coin_reward': 50, 'icon_url': 'https://i.redd.it/award_images/t5_22cerq/ygxmgvux6x061_Canberry.png', 'days_of_premium': 0, 'tiers_by_required_awardings': None, 'resized_icons': [{'url': 'https://preview.redd.it/award_images/t5_22cerq/ygxmgvux6x061_Canberry.png?width=16&amp;height=16&amp;auto=webp&amp;s=b10ac6f0f1f8f97889463f6a42ee220e48970fb2', 'width': 16, 'height': 16}, {'url': 'https://preview.redd.it/award_images/t5_22cerq/ygxmgvux6x061_Canberry.png?width=32&amp;height=32&amp;auto=webp&amp;s=f1b0debe3157dd48f42626c6e483f779b8628acc', 'width': 32, 'height': 32}, {'url': 'https://preview.redd.it/award_images/t5_22cerq/ygxmgvux6x061_Canberry.png?width=48&amp;height=48&amp;auto=webp&amp;s=582bc2b84b36a02d1fc22b2b08b807a763a2096a', 'width': 48, 'height': 48}, {'url': 'https://preview.redd.it/award_images/t5_22cerq/ygxmgvux6x061_Canberry.png?width=64&amp;height=64&amp;auto=webp&amp;s=b067cb2e1479ba42659bf1f622335df4c92e19b6', 'width': 64, 'height': 64}, {'url': 'https://preview.redd.it/award_images/t5_22cerq/ygxmgvux6x061_Canberry.png?width=128&amp;height=128&amp;auto=webp&amp;s=6277724aab37c6845b413bfea403dfce1d48aed4', 'width': 128, 'height': 128}], 'icon_width': 2048, 'static_icon_width': 2048, 'start_date': None, 'is_enabled': True, 'awardings_required_to_grant_benefits': None, 'description': 'Cranberries in a can that give the author 50 Reddit Coins.', 'end_date': None, 'subreddit_coin_reward': 0, 'count': 1, 'static_icon_height': 2048, 'name': 'Canberry', 'resized_static_icons': [{'url': 'https://preview.redd.it/award_images/t5_22cerq/ygxmgvux6x061_Canberry.png?width=16&amp;height=16&amp;auto=webp&amp;s=b10ac6f0f1f8f97889463f6a42ee220e48970fb2', 'width': 16, 'height': 16}, {'url': 'https://preview.redd.it/award_images/t5_22cerq/ygxmgvux6x061_Canberry.png?width=32&amp;height=32&amp;auto=webp&amp;s=f1b0debe3157dd48f42626c6e483f779b8628acc', 'width': 32, 'height': 32}, {'url': 'https://preview.redd.it/award_images/t5_22cerq/ygxmgvux6x061_Canberry.png?width=48&amp;height=48&amp;auto=webp&amp;s=582bc2b84b36a02d1fc22b2b08b807a763a2096a', 'width': 48, 'height': 48}, {'url': 'https://preview.redd.it/award_images/t5_22cerq/ygxmgvux6x061_Canberry.png?width=64&amp;height=64&amp;auto=webp&amp;s=b067cb2e1479ba42659bf1f622335df4c92e19b6', 'width': 64, 'height': 64}, {'url': 'https://preview.redd.it/award_images/t5_22cerq/ygxmgvux6x061_Canberry.png?width=128&amp;height=128&amp;auto=webp&amp;s=6277724aab37c6845b413bfea403dfce1d48aed4', 'width': 128, 'height': 128}], 'icon_format': 'PNG', 'icon_height': 2048, 'penny_price': 0, 'award_type': 'global', 'static_icon_url': 'https://i.redd.it/award_images/t5_22cerq/ygxmgvux6x061_Canberry.png'}, {'giver_coin_reward': 0, 'subreddit_id': None, 'is_new': False, 'days_of_drip_extension': 0, 'coin_price': 80, 'id': 'award_8352bdff-3e03-4189-8a08-82501dd8f835', 'penny_donate': 0, 'award_sub_type': 'GLOBAL', 'coin_reward': 0, 'icon_url': 'https://i.redd.it/award_images/t5_22cerq/niiatoknifn51_Hugz.png', 'days_of_premium': 0, 'tiers_by_required_awardings': None, 'resized_icons': [{'url': 'https://preview.redd.it/award_images/t5_22cerq/niiatoknifn51_Hugz.png?width=16&amp;height=16&amp;auto=webp&amp;s=85b1aa61933f163dd2b77b1e78f4d82d9c947ec1', 'width': 16, 'height': 16}, {'url': 'https://preview.redd.it/award_images/t5_22cerq/niiatoknifn51_Hugz.png?width=32&amp;height=32&amp;auto=webp&amp;s=67935636337b07ca5b98d945f4bcdae26e5f567e', 'width': 32, 'height': 32}, {'url': 'https://preview.redd.it/award_images/t5_22cerq/niiatoknifn51_Hugz.png?width=48&amp;height=48&amp;auto=webp&amp;s=547d5fb33f5a4a5d6fc154cbd658638cc2b1c3a0', 'width': 48, 'height': 48}, {'url': 'https://preview.redd.it/award_images/t5_22cerq/niiatoknifn51_Hugz.png?width=64&amp;height=64&amp;auto=webp&amp;s=e17bc331183e7ba194314a34e43b35460a835fff', 'width': 64, 'height': 64}, {'url': 'https://preview.redd.it/award_images/t5_22cerq/niiatoknifn51_Hugz.png?width=128&amp;height=128&amp;auto=webp&amp;s=1b4e617f18af8d4e2c47c2f154d4422be43c809f', 'width': 128, 'height': 128}], 'icon_width': 2048, 'static_icon_width': 2048, 'start_date': None, 'is_enabled': True, 'awardings_required_to_grant_benefits': None, 'description': 'Everything is better with a good hug', 'end_date': None, 'subreddit_coin_reward': 0, 'count': 2, 'static_icon_height': 2048, 'name': 'Hugz', 'resized_static_icons': [{'url': 'https://preview.redd.it/award_images/t5_22cerq/niiatoknifn51_Hugz.png?width=16&amp;height=16&amp;auto=webp&amp;s=85b1aa61933f163dd2b77b1e78f4d82d9c947ec1', 'width': 16, 'height': 16}, {'url': 'https://preview.redd.it/award_images/t5_22cerq/niiatoknifn51_Hugz.png?width=32&amp;height=32&amp;auto=webp&amp;s=67935636337b07ca5b98d945f4bcdae26e5f567e', 'width': 32, 'height': 32}, {'url': 'https://preview.redd.it/award_images/t5_22cerq/niiatoknifn51_Hugz.png?width=48&amp;height=48&amp;auto=webp&amp;s=547d5fb33f5a4a5d6fc154cbd658638cc2b1c3a0', 'width': 48, 'height': 48}, {'url': 'https://preview.redd.it/award_images/t5_22cerq/niiatoknifn51_Hugz.png?width=64&amp;height=64&amp;auto=webp&amp;s=e17bc331183e7ba194314a34e43b35460a835fff', 'width': 64, 'height': 64}, {'url': 'https://preview.redd.it/award_images/t5_22cerq/niiatoknifn51_Hugz.png?width=128&amp;height=128&amp;auto=webp&amp;s=1b4e617f18af8d4e2c47c2f154d4422be43c809f', 'width': 128, 'height': 128}], 'icon_format': 'PNG', 'icon_height': 2048, 'penny_price': 0, 'award_type': 'global', 'static_icon_url': 'https://i.redd.it/award_images/t5_22cerq/niiatoknifn51_Hugz.png'}]",[],False,False,False,False,,[],False,,,,t5_2t0no,,,,k1ea2r,True,,porichoygupto,,63,False,all_ads,False,[],False,,/r/dadjokes/comments/k1ea2r/my_father_was_born_as_a_conjoined_twin_but_the/,all_ads,False,https://www.reddit.com/r/dadjokes/comments/k1ea2r/my_father_was_born_as_a_conjoined_twin_but_the/,3499042,1606393052.0,0,,False
,dadjokes,"Husband: No, this is her husband.",t2_2uabn2rx,False,,0,False,Husband: Help! My wife is going into labor! 911 Operator: Is this her first child?,[],r/dadjokes,False,6,,0,,,False,t3_k1pfm9,False,dark,0.95,,public,628,2,{},,,False,[],,False,False,,{},,False,628,,False,self,,False,,[],{},,True,,1606460597.0,text,6,,,text,self.dadjokes,True,"&lt;!-- SC_OFF --&gt;&lt;div class=""md""&gt;&lt;p&gt;Husband: No, this is her husband.&lt;/p&gt;
&lt;/div&gt;&lt;!-- SC_ON --&gt;",,,,,False,False,False,False,False,"[{'giver_coin_reward': None, 'subreddit_id': None, 'is_new': False, 'days_of_drip_extension': 0, 'coin_price': 150, 'id': 'award_f44611f1-b89e-46dc-97fe-892280b13b82', 'penny_donate': None, 'award_sub_type': 'GLOBAL', 'coin_reward': 0, 'icon_url': 'https://i.redd.it/award_images/t5_22cerq/klvxk1wggfd41_Helpful.png', 'days_of_premium': 0, 'tiers_by_required_awardings': None, 'resized_icons': [{'url': 'https://preview.redd.it/award_images/t5_22cerq/klvxk1wggfd41_Helpful.png?width=16&amp;height=16&amp;auto=webp&amp;s=a5662dfbdb402bf67866c050aa76c31c147c2f45', 'width': 16, 'height': 16}, {'url': 'https://preview.redd.it/award_images/t5_22cerq/klvxk1wggfd41_Helpful.png?width=32&amp;height=32&amp;auto=webp&amp;s=a6882eb3f380e8e88009789f4d0072e17b8c59f1', 'width': 32, 'height': 32}, {'url': 'https://preview.redd.it/award_images/t5_22cerq/klvxk1wggfd41_Helpful.png?width=48&amp;height=48&amp;auto=webp&amp;s=e50064b090879e8a0b55e433f6ee61d5cb5fbe1d', 'width': 48, 'height': 48}, {'url': 'https://preview.redd.it/award_images/t5_22cerq/klvxk1wggfd41_Helpful.png?width=64&amp;height=64&amp;auto=webp&amp;s=8e5bb2e76683cb6b161830bcdd9642049d6adc11', 'width': 64, 'height': 64}, {'url': 'https://preview.redd.it/award_images/t5_22cerq/klvxk1wggfd41_Helpful.png?width=128&amp;height=128&amp;auto=webp&amp;s=eda4a9246f95f42ee6940cc0ec65306fd20de878', 'width': 128, 'height': 128}], 'icon_width': 2048, 'static_icon_width': 2048, 'start_date': None, 'is_enabled': True, 'awardings_required_to_grant_benefits': None, 'description': 'Thank you stranger. Shows the award.', 'end_date': None, 'subreddit_coin_reward': 0, 'count': 1, 'static_icon_height': 2048, 'name': 'Helpful', 'resized_static_icons': [{'url': 'https://preview.redd.it/award_images/t5_22cerq/klvxk1wggfd41_Helpful.png?width=16&amp;height=16&amp;auto=webp&amp;s=a5662dfbdb402bf67866c050aa76c31c147c2f45', 'width': 16, 'height': 16}, {'url': 'https://preview.redd.it/award_images/t5_22cerq/klvxk1wggfd41_Helpful.png?width=32&amp;height=32&amp;auto=webp&amp;s=a6882eb3f380e8e88009789f4d0072e17b8c59f1', 'width': 32, 'height': 32}, {'url': 'https://preview.redd.it/award_images/t5_22cerq/klvxk1wggfd41_Helpful.png?width=48&amp;height=48&amp;auto=webp&amp;s=e50064b090879e8a0b55e433f6ee61d5cb5fbe1d', 'width': 48, 'height': 48}, {'url': 'https://preview.redd.it/award_images/t5_22cerq/klvxk1wggfd41_Helpful.png?width=64&amp;height=64&amp;auto=webp&amp;s=8e5bb2e76683cb6b161830bcdd9642049d6adc11', 'width': 64, 'height': 64}, {'url': 'https://preview.redd.it/award_images/t5_22cerq/klvxk1wggfd41_Helpful.png?width=128&amp;height=128&amp;auto=webp&amp;s=eda4a9246f95f42ee6940cc0ec65306fd20de878', 'width': 128, 'height': 128}], 'icon_format': None, 'icon_height': 2048, 'penny_price': None, 'award_type': 'global', 'static_icon_url': 'https://i.redd.it/award_images/t5_22cerq/klvxk1wggfd41_Helpful.png'}, {'giver_coin_reward': 0, 'subreddit_id': None, 'is_new': False, 'days_of_drip_extension': 0, 'coin_price': 80, 'id': 'award_8352bdff-3e03-4189-8a08-82501dd8f835', 'penny_donate': 0, 'award_sub_type': 'GLOBAL', 'coin_reward': 0, 'icon_url': 'https://i.redd.it/award_images/t5_22cerq/niiatoknifn51_Hugz.png', 'days_of_premium': 0, 'tiers_by_required_awardings': None, 'resized_icons': [{'url': 'https://preview.redd.it/award_images/t5_22cerq/niiatoknifn51_Hugz.png?width=16&amp;height=16&amp;auto=webp&amp;s=85b1aa61933f163dd2b77b1e78f4d82d9c947ec1', 'width': 16, 'height': 16}, {'url': 'https://preview.redd.it/award_images/t5_22cerq/niiatoknifn51_Hugz.png?width=32&amp;height=32&amp;auto=webp&amp;s=67935636337b07ca5b98d945f4bcdae26e5f567e', 'width': 32, 'height': 32}, {'url': 'https://preview.redd.it/award_images/t5_22cerq/niiatoknifn51_Hugz.png?width=48&amp;height=48&amp;auto=webp&amp;s=547d5fb33f5a4a5d6fc154cbd658638cc2b1c3a0', 'width': 48, 'height': 48}, {'url': 'https://preview.redd.it/award_images/t5_22cerq/niiatoknifn51_Hugz.png?width=64&amp;height=64&amp;auto=webp&amp;s=e17bc331183e7ba194314a34e43b35460a835fff', 'width': 64, 'height': 64}, {'url': 'https://preview.redd.it/award_images/t5_22cerq/niiatoknifn51_Hugz.png?width=128&amp;height=128&amp;auto=webp&amp;s=1b4e617f18af8d4e2c47c2f154d4422be43c809f', 'width': 128, 'height': 128}], 'icon_width': 2048, 'static_icon_width': 2048, 'start_date': None, 'is_enabled': True, 'awardings_required_to_grant_benefits': None, 'description': 'Everything is better with a good hug', 'end_date': None, 'subreddit_coin_reward': 0, 'count': 1, 'static_icon_height': 2048, 'name': 'Hugz', 'resized_static_icons': [{'url': 'https://preview.redd.it/award_images/t5_22cerq/niiatoknifn51_Hugz.png?width=16&amp;height=16&amp;auto=webp&amp;s=85b1aa61933f163dd2b77b1e78f4d82d9c947ec1', 'width': 16, 'height': 16}, {'url': 'https://preview.redd.it/award_images/t5_22cerq/niiatoknifn51_Hugz.png?width=32&amp;height=32&amp;auto=webp&amp;s=67935636337b07ca5b98d945f4bcdae26e5f567e', 'width': 32, 'height': 32}, {'url': 'https://preview.redd.it/award_images/t5_22cerq/niiatoknifn51_Hugz.png?width=48&amp;height=48&amp;auto=webp&amp;s=547d5fb33f5a4a5d6fc154cbd658638cc2b1c3a0', 'width': 48, 'height': 48}, {'url': 'https://preview.redd.it/award_images/t5_22cerq/niiatoknifn51_Hugz.png?width=64&amp;height=64&amp;auto=webp&amp;s=e17bc331183e7ba194314a34e43b35460a835fff', 'width': 64, 'height': 64}, {'url': 'https://preview.redd.it/award_images/t5_22cerq/niiatoknifn51_Hugz.png?width=128&amp;height=128&amp;auto=webp&amp;s=1b4e617f18af8d4e2c47c2f154d4422be43c809f', 'width': 128, 'height': 128}], 'icon_format': 'PNG', 'icon_height': 2048, 'penny_price': 0, 'award_type': 'global', 'static_icon_url': 'https://i.redd.it/award_images/t5_22cerq/niiatoknifn51_Hugz.png'}]",[],False,False,False,False,,[],False,,,,t5_2t0no,,,,k1pfm9,True,,jhench78,,22,True,all_ads,False,[],False,,/r/dadjokes/comments/k1pfm9/husband_help_my_wife_is_going_into_labor_911/,all_ads,False,https://www.reddit.com/r/dadjokes/comments/k1pfm9/husband_help_my_wife_is_going_into_labor_911/,3499042,1606431797.0,0,,False
,dadjokes,This is because concrete floors are really hard.,t2_77dh5by0,False,,0,False,I dropped an egg onto a concrete floor and it didn't break.,[],r/dadjokes,False,6,,0,,,False,t3_k1nxr8,False,dark,0.98,,public,289,1,{},,,False,[],,False,False,,{},,False,289,,True,self,,False,,[],{},,True,,1606455464.0,text,6,,,text,self.dadjokes,True,"&lt;!-- SC_OFF --&gt;&lt;div class=""md""&gt;&lt;p&gt;This is because concrete floors are really hard.&lt;/p&gt;
&lt;/div&gt;&lt;!-- SC_ON --&gt;",,,,,False,False,False,False,False,"[{'giver_coin_reward': None, 'subreddit_id': None, 'is_new': False, 'days_of_drip_extension': 0, 'coin_price': 300, 'id': 'award_28e8196b-d4e9-45bc-b612-cd4c7d3ed4b3', 'penny_donate': None, 'award_sub_type': 'GLOBAL', 'coin_reward': 0, 'icon_url': 'https://i.redd.it/award_images/t5_22cerq/94pn64yuas941_RocketLike.png', 'days_of_premium': 0, 'tiers_by_required_awardings': None, 'resized_icons': [{'url': 'https://preview.redd.it/award_images/t5_22cerq/94pn64yuas941_RocketLike.png?width=16&amp;height=16&amp;auto=webp&amp;s=c1400eb6ea235d0c96c3aa6e271c71d7f339cbd4', 'width': 16, 'height': 16}, {'url': 'https://preview.redd.it/award_images/t5_22cerq/94pn64yuas941_RocketLike.png?width=32&amp;height=32&amp;auto=webp&amp;s=77ad345b2f9b062140e028764394594326771a17', 'width': 32, 'height': 32}, {'url': 'https://preview.redd.it/award_images/t5_22cerq/94pn64yuas941_RocketLike.png?width=48&amp;height=48&amp;auto=webp&amp;s=5b5211166e4b260311ad9f3ea31d3b815110769c', 'width': 48, 'height': 48}, {'url': 'https://preview.redd.it/award_images/t5_22cerq/94pn64yuas941_RocketLike.png?width=64&amp;height=64&amp;auto=webp&amp;s=bf3a2c642ad50547087d770c65c29777970d3af3', 'width': 64, 'height': 64}, {'url': 'https://preview.redd.it/award_images/t5_22cerq/94pn64yuas941_RocketLike.png?width=128&amp;height=128&amp;auto=webp&amp;s=eae06d6a70c62c78dc66cb14f2a84651cb822cc4', 'width': 128, 'height': 128}], 'icon_width': 2048, 'static_icon_width': 2048, 'start_date': None, 'is_enabled': True, 'awardings_required_to_grant_benefits': None, 'description': ""When an upvote just isn't enough, smash the Rocket Like."", 'end_date': None, 'subreddit_coin_reward': 0, 'count': 1, 'static_icon_height': 2048, 'name': 'Rocket Like', 'resized_static_icons': [{'url': 'https://preview.redd.it/award_images/t5_22cerq/94pn64yuas941_RocketLike.png?width=16&amp;height=16&amp;auto=webp&amp;s=c1400eb6ea235d0c96c3aa6e271c71d7f339cbd4', 'width': 16, 'height': 16}, {'url': 'https://preview.redd.it/award_images/t5_22cerq/94pn64yuas941_RocketLike.png?width=32&amp;height=32&amp;auto=webp&amp;s=77ad345b2f9b062140e028764394594326771a17', 'width': 32, 'height': 32}, {'url': 'https://preview.redd.it/award_images/t5_22cerq/94pn64yuas941_RocketLike.png?width=48&amp;height=48&amp;auto=webp&amp;s=5b5211166e4b260311ad9f3ea31d3b815110769c', 'width': 48, 'height': 48}, {'url': 'https://preview.redd.it/award_images/t5_22cerq/94pn64yuas941_RocketLike.png?width=64&amp;height=64&amp;auto=webp&amp;s=bf3a2c642ad50547087d770c65c29777970d3af3', 'width': 64, 'height': 64}, {'url': 'https://preview.redd.it/award_images/t5_22cerq/94pn64yuas941_RocketLike.png?width=128&amp;height=128&amp;auto=webp&amp;s=eae06d6a70c62c78dc66cb14f2a84651cb822cc4', 'width': 128, 'height': 128}], 'icon_format': None, 'icon_height': 2048, 'penny_price': None, 'award_type': 'global', 'static_icon_url': 'https://i.redd.it/award_images/t5_22cerq/94pn64yuas941_RocketLike.png'}]",[],False,False,False,False,,[],False,,,,t5_2t0no,,,,k1nxr8,True,,VERBERD,,7,True,all_ads,False,[],False,,/r/dadjokes/comments/k1nxr8/i_dropped_an_egg_onto_a_concrete_floor_and_it/,all_ads,False,https://www.reddit.com/r/dadjokes/comments/k1nxr8/i_dropped_an_egg_onto_a_concrete_floor_and_it/,3499042,1606426664.0,0,,False
,dadjokes,"Because it's see-food!


my 11 year old daughter ran in here while cooking greens and dropped that knowledge on us. I couldn't be more proud lol.",t2_146nup,False,,0,False,Why can't blind people eat ocean fish?,[],r/dadjokes,False,6,,0,,,False,t3_k1rlu3,False,dark,0.94,,public,54,2,{},,,False,[],,False,False,,{},,False,54,,False,self,,False,,[],{},,True,,1606468805.0,text,6,,,text,self.dadjokes,False,"&lt;!-- SC_OFF --&gt;&lt;div class=""md""&gt;&lt;p&gt;Because it&amp;#39;s see-food!&lt;/p&gt;

&lt;p&gt;my 11 year old daughter ran in here while cooking greens and dropped that knowledge on us. I couldn&amp;#39;t be more proud lol.&lt;/p&gt;
&lt;/div&gt;&lt;!-- SC_ON --&gt;",,,,,False,False,False,False,False,"[{'giver_coin_reward': None, 'subreddit_id': None, 'is_new': False, 'days_of_drip_extension': 0, 'coin_price': 150, 'id': 'award_f44611f1-b89e-46dc-97fe-892280b13b82', 'penny_donate': None, 'award_sub_type': 'GLOBAL', 'coin_reward': 0, 'icon_url': 'https://i.redd.it/award_images/t5_22cerq/klvxk1wggfd41_Helpful.png', 'days_of_premium': 0, 'tiers_by_required_awardings': None, 'resized_icons': [{'url': 'https://preview.redd.it/award_images/t5_22cerq/klvxk1wggfd41_Helpful.png?width=16&amp;height=16&amp;auto=webp&amp;s=a5662dfbdb402bf67866c050aa76c31c147c2f45', 'width': 16, 'height': 16}, {'url': 'https://preview.redd.it/award_images/t5_22cerq/klvxk1wggfd41_Helpful.png?width=32&amp;height=32&amp;auto=webp&amp;s=a6882eb3f380e8e88009789f4d0072e17b8c59f1', 'width': 32, 'height': 32}, {'url': 'https://preview.redd.it/award_images/t5_22cerq/klvxk1wggfd41_Helpful.png?width=48&amp;height=48&amp;auto=webp&amp;s=e50064b090879e8a0b55e433f6ee61d5cb5fbe1d', 'width': 48, 'height': 48}, {'url': 'https://preview.redd.it/award_images/t5_22cerq/klvxk1wggfd41_Helpful.png?width=64&amp;height=64&amp;auto=webp&amp;s=8e5bb2e76683cb6b161830bcdd9642049d6adc11', 'width': 64, 'height': 64}, {'url': 'https://preview.redd.it/award_images/t5_22cerq/klvxk1wggfd41_Helpful.png?width=128&amp;height=128&amp;auto=webp&amp;s=eda4a9246f95f42ee6940cc0ec65306fd20de878', 'width': 128, 'height': 128}], 'icon_width': 2048, 'static_icon_width': 2048, 'start_date': None, 'is_enabled': True, 'awardings_required_to_grant_benefits': None, 'description': 'Thank you stranger. Shows the award.', 'end_date': None, 'subreddit_coin_reward': 0, 'count': 1, 'static_icon_height': 2048, 'name': 'Helpful', 'resized_static_icons': [{'url': 'https://preview.redd.it/award_images/t5_22cerq/klvxk1wggfd41_Helpful.png?width=16&amp;height=16&amp;auto=webp&amp;s=a5662dfbdb402bf67866c050aa76c31c147c2f45', 'width': 16, 'height': 16}, {'url': 'https://preview.redd.it/award_images/t5_22cerq/klvxk1wggfd41_Helpful.png?width=32&amp;height=32&amp;auto=webp&amp;s=a6882eb3f380e8e88009789f4d0072e17b8c59f1', 'width': 32, 'height': 32}, {'url': 'https://preview.redd.it/award_images/t5_22cerq/klvxk1wggfd41_Helpful.png?width=48&amp;height=48&amp;auto=webp&amp;s=e50064b090879e8a0b55e433f6ee61d5cb5fbe1d', 'width': 48, 'height': 48}, {'url': 'https://preview.redd.it/award_images/t5_22cerq/klvxk1wggfd41_Helpful.png?width=64&amp;height=64&amp;auto=webp&amp;s=8e5bb2e76683cb6b161830bcdd9642049d6adc11', 'width': 64, 'height': 64}, {'url': 'https://preview.redd.it/award_images/t5_22cerq/klvxk1wggfd41_Helpful.png?width=128&amp;height=128&amp;auto=webp&amp;s=eda4a9246f95f42ee6940cc0ec65306fd20de878', 'width': 128, 'height': 128}], 'icon_format': None, 'icon_height': 2048, 'penny_price': None, 'award_type': 'global', 'static_icon_url': 'https://i.redd.it/award_images/t5_22cerq/klvxk1wggfd41_Helpful.png'}, {'giver_coin_reward': 0, 'subreddit_id': None, 'is_new': False, 'days_of_drip_extension': 0, 'coin_price': 80, 'id': 'award_8352bdff-3e03-4189-8a08-82501dd8f835', 'penny_donate': 0, 'award_sub_type': 'GLOBAL', 'coin_reward': 0, 'icon_url': 'https://i.redd.it/award_images/t5_22cerq/niiatoknifn51_Hugz.png', 'days_of_premium': 0, 'tiers_by_required_awardings': None, 'resized_icons': [{'url': 'https://preview.redd.it/award_images/t5_22cerq/niiatoknifn51_Hugz.png?width=16&amp;height=16&amp;auto=webp&amp;s=85b1aa61933f163dd2b77b1e78f4d82d9c947ec1', 'width': 16, 'height': 16}, {'url': 'https://preview.redd.it/award_images/t5_22cerq/niiatoknifn51_Hugz.png?width=32&amp;height=32&amp;auto=webp&amp;s=67935636337b07ca5b98d945f4bcdae26e5f567e', 'width': 32, 'height': 32}, {'url': 'https://preview.redd.it/award_images/t5_22cerq/niiatoknifn51_Hugz.png?width=48&amp;height=48&amp;auto=webp&amp;s=547d5fb33f5a4a5d6fc154cbd658638cc2b1c3a0', 'width': 48, 'height': 48}, {'url': 'https://preview.redd.it/award_images/t5_22cerq/niiatoknifn51_Hugz.png?width=64&amp;height=64&amp;auto=webp&amp;s=e17bc331183e7ba194314a34e43b35460a835fff', 'width': 64, 'height': 64}, {'url': 'https://preview.redd.it/award_images/t5_22cerq/niiatoknifn51_Hugz.png?width=128&amp;height=128&amp;auto=webp&amp;s=1b4e617f18af8d4e2c47c2f154d4422be43c809f', 'width': 128, 'height': 128}], 'icon_width': 2048, 'static_icon_width': 2048, 'start_date': None, 'is_enabled': True, 'awardings_required_to_grant_benefits': None, 'description': 'Everything is better with a good hug', 'end_date': None, 'subreddit_coin_reward': 0, 'count': 1, 'static_icon_height': 2048, 'name': 'Hugz', 'resized_static_icons': [{'url': 'https://preview.redd.it/award_images/t5_22cerq/niiatoknifn51_Hugz.png?width=16&amp;height=16&amp;auto=webp&amp;s=85b1aa61933f163dd2b77b1e78f4d82d9c947ec1', 'width': 16, 'height': 16}, {'url': 'https://preview.redd.it/award_images/t5_22cerq/niiatoknifn51_Hugz.png?width=32&amp;height=32&amp;auto=webp&amp;s=67935636337b07ca5b98d945f4bcdae26e5f567e', 'width': 32, 'height': 32}, {'url': 'https://preview.redd.it/award_images/t5_22cerq/niiatoknifn51_Hugz.png?width=48&amp;height=48&amp;auto=webp&amp;s=547d5fb33f5a4a5d6fc154cbd658638cc2b1c3a0', 'width': 48, 'height': 48}, {'url': 'https://preview.redd.it/award_images/t5_22cerq/niiatoknifn51_Hugz.png?width=64&amp;height=64&amp;auto=webp&amp;s=e17bc331183e7ba194314a34e43b35460a835fff', 'width': 64, 'height': 64}, {'url': 'https://preview.redd.it/award_images/t5_22cerq/niiatoknifn51_Hugz.png?width=128&amp;height=128&amp;auto=webp&amp;s=1b4e617f18af8d4e2c47c2f154d4422be43c809f', 'width': 128, 'height': 128}], 'icon_format': 'PNG', 'icon_height': 2048, 'penny_price': 0, 'award_type': 'global', 'static_icon_url': 'https://i.redd.it/award_images/t5_22cerq/niiatoknifn51_Hugz.png'}]",[],False,False,False,False,,[],False,,,,t5_2t0no,,,,k1rlu3,True,,cyberrich,,2,True,all_ads,False,[],False,,/r/dadjokes/comments/k1rlu3/why_cant_blind_people_eat_ocean_fish/,all_ads,False,https://www.reddit.com/r/dadjokes/comments/k1rlu3/why_cant_blind_people_eat_ocean_fish/,3499042,1606440005.0,0,,False
,dadjokes,Pilgrims,t2_667uioz3,False,,0,False,"If April showers bring May flowers, what do May flowers bring?",[],r/dadjokes,False,6,,0,,,False,t3_k1qhtb,False,dark,0.95,,public,63,0,{},,,False,[],,False,False,,{},,False,63,,False,self,,False,,[],{},,True,,1606464500.0,text,6,,,text,self.dadjokes,True,"&lt;!-- SC_OFF --&gt;&lt;div class=""md""&gt;&lt;p&gt;Pilgrims&lt;/p&gt;
&lt;/div&gt;&lt;!-- SC_ON --&gt;",,,,,False,False,False,False,False,[],[],False,False,False,False,,[],False,,,,t5_2t0no,,,,k1qhtb,True,,evihder,,13,True,all_ads,False,[],False,,/r/dadjokes/comments/k1qhtb/if_april_showers_bring_may_flowers_what_do_may/,all_ads,False,https://www.reddit.com/r/dadjokes/comments/k1qhtb/if_april_showers_bring_may_flowers_what_do_may/,3499042,1606435700.0,0,,False
,dadjokes,"Step 28


Step 27


Step 24


Step 21


Step 16


Step 12


Step 7


Step 3


Step 1",t2_l62v7,False,,0,False,Here's a step-by-step guide on how to fall down stairs!,[],r/dadjokes,False,6,,0,,,False,t3_k1cxwm,False,dark,0.97,,public,545,1,{},,,False,[],,False,False,,{},,False,545,,False,self,,False,,[],{},,True,,1606415335.0,text,6,,,text,self.dadjokes,True,"&lt;!-- SC_OFF --&gt;&lt;div class=""md""&gt;&lt;p&gt;Step 28&lt;/p&gt;

&lt;p&gt;Step 27&lt;/p&gt;

&lt;p&gt;Step 24&lt;/p&gt;

&lt;p&gt;Step 21&lt;/p&gt;

&lt;p&gt;Step 16&lt;/p&gt;

&lt;p&gt;Step 12&lt;/p&gt;

&lt;p&gt;Step 7&lt;/p&gt;

&lt;p&gt;Step 3&lt;/p&gt;

&lt;p&gt;Step 1&lt;/p&gt;
&lt;/div&gt;&lt;!-- SC_ON --&gt;",,,,,False,False,False,False,False,"[{'giver_coin_reward': None, 'subreddit_id': None, 'is_new': False, 'days_of_drip_extension': 0, 'coin_price': 150, 'id': 'award_f44611f1-b89e-46dc-97fe-892280b13b82', 'penny_donate': None, 'award_sub_type': 'GLOBAL', 'coin_reward': 0, 'icon_url': 'https://i.redd.it/award_images/t5_22cerq/klvxk1wggfd41_Helpful.png', 'days_of_premium': 0, 'tiers_by_required_awardings': None, 'resized_icons': [{'url': 'https://preview.redd.it/award_images/t5_22cerq/klvxk1wggfd41_Helpful.png?width=16&amp;height=16&amp;auto=webp&amp;s=a5662dfbdb402bf67866c050aa76c31c147c2f45', 'width': 16, 'height': 16}, {'url': 'https://preview.redd.it/award_images/t5_22cerq/klvxk1wggfd41_Helpful.png?width=32&amp;height=32&amp;auto=webp&amp;s=a6882eb3f380e8e88009789f4d0072e17b8c59f1', 'width': 32, 'height': 32}, {'url': 'https://preview.redd.it/award_images/t5_22cerq/klvxk1wggfd41_Helpful.png?width=48&amp;height=48&amp;auto=webp&amp;s=e50064b090879e8a0b55e433f6ee61d5cb5fbe1d', 'width': 48, 'height': 48}, {'url': 'https://preview.redd.it/award_images/t5_22cerq/klvxk1wggfd41_Helpful.png?width=64&amp;height=64&amp;auto=webp&amp;s=8e5bb2e76683cb6b161830bcdd9642049d6adc11', 'width': 64, 'height': 64}, {'url': 'https://preview.redd.it/award_images/t5_22cerq/klvxk1wggfd41_Helpful.png?width=128&amp;height=128&amp;auto=webp&amp;s=eda4a9246f95f42ee6940cc0ec65306fd20de878', 'width': 128, 'height': 128}], 'icon_width': 2048, 'static_icon_width': 2048, 'start_date': None, 'is_enabled': True, 'awardings_required_to_grant_benefits': None, 'description': 'Thank you stranger. Shows the award.', 'end_date': None, 'subreddit_coin_reward': 0, 'count': 1, 'static_icon_height': 2048, 'name': 'Helpful', 'resized_static_icons': [{'url': 'https://preview.redd.it/award_images/t5_22cerq/klvxk1wggfd41_Helpful.png?width=16&amp;height=16&amp;auto=webp&amp;s=a5662dfbdb402bf67866c050aa76c31c147c2f45', 'width': 16, 'height': 16}, {'url': 'https://preview.redd.it/award_images/t5_22cerq/klvxk1wggfd41_Helpful.png?width=32&amp;height=32&amp;auto=webp&amp;s=a6882eb3f380e8e88009789f4d0072e17b8c59f1', 'width': 32, 'height': 32}, {'url': 'https://preview.redd.it/award_images/t5_22cerq/klvxk1wggfd41_Helpful.png?width=48&amp;height=48&amp;auto=webp&amp;s=e50064b090879e8a0b55e433f6ee61d5cb5fbe1d', 'width': 48, 'height': 48}, {'url': 'https://preview.redd.it/award_images/t5_22cerq/klvxk1wggfd41_Helpful.png?width=64&amp;height=64&amp;auto=webp&amp;s=8e5bb2e76683cb6b161830bcdd9642049d6adc11', 'width': 64, 'height': 64}, {'url': 'https://preview.redd.it/award_images/t5_22cerq/klvxk1wggfd41_Helpful.png?width=128&amp;height=128&amp;auto=webp&amp;s=eda4a9246f95f42ee6940cc0ec65306fd20de878', 'width': 128, 'height': 128}], 'icon_format': None, 'icon_height': 2048, 'penny_price': None, 'award_type': 'global', 'static_icon_url': 'https://i.redd.it/award_images/t5_22cerq/klvxk1wggfd41_Helpful.png'}]",[],False,False,False,False,,[],False,,,,t5_2t0no,,,,k1cxwm,True,,icemage27,,26,True,all_ads,False,[],False,,/r/dadjokes/comments/k1cxwm/heres_a_stepbystep_guide_on_how_to_fall_down/,all_ads,False,https://www.reddit.com/r/dadjokes/comments/k1cxwm/heres_a_stepbystep_guide_on_how_to_fall_down/,3499042,1606386535.0,0,,False
,dadjokes,We named him Carson.,t2_3qqsvbxk,False,,0,False,My wife gave birth to our baby boy otw to the hospital...,[],r/dadjokes,False,6,,0,,,False,t3_k1mn5s,False,dark,0.94,,public,53,0,{},,,False,[],,False,False,,{},,False,53,,False,self,,False,,[],{},,True,,1606451008.0,text,6,,,text,self.dadjokes,True,"&lt;!-- SC_OFF --&gt;&lt;div class=""md""&gt;&lt;p&gt;We named him Carson.&lt;/p&gt;
&lt;/div&gt;&lt;!-- SC_ON --&gt;",,,,,False,False,False,False,False,[],[],False,False,False,False,,[],False,,,,t5_2t0no,,,,k1mn5s,True,,Cromlorde,,5,True,all_ads,False,[],False,,/r/dadjokes/comments/k1mn5s/my_wife_gave_birth_to_our_baby_boy_otw_to_the/,all_ads,False,https://www.reddit.com/r/dadjokes/comments/k1mn5s/my_wife_gave_birth_to_our_baby_boy_otw_to_the/,3499042,1606422208.0,0,,False
,dadjokes,He should be fine aside from being a little cockeyed.,t2_cydbh,False,,0,False,A Local Boy was Born Without Eyelids and Surgeons Used his Foreskin as a Replacement,[],r/dadjokes,False,6,,0,,,False,t3_k1jqp4,False,dark,0.96,,public,79,0,{},,,False,[],,False,False,,{},,False,79,,False,nsfw,,False,,[],{},,True,,1606441571.0,text,3,,,text,self.dadjokes,True,"&lt;!-- SC_OFF --&gt;&lt;div class=""md""&gt;&lt;p&gt;He should be fine aside from being a little cockeyed.&lt;/p&gt;
&lt;/div&gt;&lt;!-- SC_ON --&gt;",,,,,False,False,False,False,True,[],[],False,False,False,False,,[],False,,,,t5_2t0no,,,,k1jqp4,True,,SchpeederMan,,7,True,promo_adult_nsfw,False,[],False,,/r/dadjokes/comments/k1jqp4/a_local_boy_was_born_without_eyelids_and_surgeons/,all_ads,False,https://www.reddit.com/r/dadjokes/comments/k1jqp4/a_local_boy_was_born_without_eyelids_and_surgeons/,3499042,1606412771.0,0,,False
